category,language_pair,src_lang,tgt_lang,direction,late_submission,system_type,team,system,instrument,score
,Assamese to English,asm_Beng,eng_Latn,indic2en,False,primary,TranssionMT,TranssionMT_primary,BLEU,23.20475687
,Assamese to English,asm_Beng,eng_Latn,indic2en,False,primary,TranssionMT,TranssionMT_primary,METEOR,0.7027715381
,Assamese to English,asm_Beng,eng_Latn,indic2en,False,primary,TranssionMT,TranssionMT_primary,ROUGE-L,0.6991164767
,Assamese to English,asm_Beng,eng_Latn,indic2en,False,primary,TranssionMT,TranssionMT_primary,chrF,67.71235603
,Assamese to English,asm_Beng,eng_Latn,indic2en,False,primary,TranssionMT,TranssionMT_primary,TER,55.81773227
,Assamese to English,asm_Beng,eng_Latn,indic2en,False,primary,TranssionMT,TranssionMT_primary,Cos Similarity,0.9197299945
,Assamese to English,asm_Beng,eng_Latn,indic2en,False,contrastive,TranssionMT,TranssionMT_contrastive1,BLEU,22.40658046
,Assamese to English,asm_Beng,eng_Latn,indic2en,False,contrastive,TranssionMT,TranssionMT_contrastive1,METEOR,0.6990099954
,Assamese to English,asm_Beng,eng_Latn,indic2en,False,contrastive,TranssionMT,TranssionMT_contrastive1,ROUGE-L,0.7045384225
,Assamese to English,asm_Beng,eng_Latn,indic2en,False,contrastive,TranssionMT,TranssionMT_contrastive1,chrF,67.08418902
,Assamese to English,asm_Beng,eng_Latn,indic2en,False,contrastive,TranssionMT,TranssionMT_contrastive1,TER,55.37232967
,Assamese to English,asm_Beng,eng_Latn,indic2en,False,contrastive,TranssionMT,TranssionMT_contrastive1,Cos Similarity,0.9181816257
,Assamese to English,asm_Beng,eng_Latn,indic2en,False,contrastive,DoDS-IITPKD,DoDS-IITPKD_contrastive,BLEU,21.74597795
,Assamese to English,asm_Beng,eng_Latn,indic2en,False,contrastive,DoDS-IITPKD,DoDS-IITPKD_contrastive,METEOR,0.6902954908
,Assamese to English,asm_Beng,eng_Latn,indic2en,False,contrastive,DoDS-IITPKD,DoDS-IITPKD_contrastive,ROUGE-L,0.7034290386
,Assamese to English,asm_Beng,eng_Latn,indic2en,False,contrastive,DoDS-IITPKD,DoDS-IITPKD_contrastive,chrF,65.76747493
,Assamese to English,asm_Beng,eng_Latn,indic2en,False,contrastive,DoDS-IITPKD,DoDS-IITPKD_contrastive,TER,53.77135591
,Assamese to English,asm_Beng,eng_Latn,indic2en,False,contrastive,DoDS-IITPKD,DoDS-IITPKD_contrastive,Cos Similarity,0.9128342171
,Assamese to English,asm_Beng,eng_Latn,indic2en,False,primary,DoDS-IITPKD,DoDS-IITPKD_primary,BLEU,21.39917423
,Assamese to English,asm_Beng,eng_Latn,indic2en,False,primary,DoDS-IITPKD,DoDS-IITPKD_primary,METEOR,0.6945069068
,Assamese to English,asm_Beng,eng_Latn,indic2en,False,primary,DoDS-IITPKD,DoDS-IITPKD_primary,ROUGE-L,0.7009906313
,Assamese to English,asm_Beng,eng_Latn,indic2en,False,primary,DoDS-IITPKD,DoDS-IITPKD_primary,chrF,66.14344745
,Assamese to English,asm_Beng,eng_Latn,indic2en,False,primary,DoDS-IITPKD,DoDS-IITPKD_primary,TER,54.90423815
,Assamese to English,asm_Beng,eng_Latn,indic2en,False,primary,DoDS-IITPKD,DoDS-IITPKD_primary,Cos Similarity,0.9178570139
,Assamese to English,asm_Beng,eng_Latn,indic2en,False,contrastive,TranssionMT,TranssionMT_contrastive2,BLEU,20.09234893
,Assamese to English,asm_Beng,eng_Latn,indic2en,False,contrastive,TranssionMT,TranssionMT_contrastive2,METEOR,0.7094855156
,Assamese to English,asm_Beng,eng_Latn,indic2en,False,contrastive,TranssionMT,TranssionMT_contrastive2,ROUGE-L,0.6942151291
,Assamese to English,asm_Beng,eng_Latn,indic2en,False,contrastive,TranssionMT,TranssionMT_contrastive2,chrF,67.41780923
,Assamese to English,asm_Beng,eng_Latn,indic2en,False,contrastive,TranssionMT,TranssionMT_contrastive2,TER,60.75787287
,Assamese to English,asm_Beng,eng_Latn,indic2en,False,contrastive,TranssionMT,TranssionMT_contrastive2,Cos Similarity,0.9286215888
,Assamese to English,asm_Beng,eng_Latn,indic2en,False,contrastive,RBG-AI,RBG-AI_contrastive,BLEU,15.26861832
,Assamese to English,asm_Beng,eng_Latn,indic2en,False,contrastive,RBG-AI,RBG-AI_contrastive,METEOR,0.6255895675
,Assamese to English,asm_Beng,eng_Latn,indic2en,False,contrastive,RBG-AI,RBG-AI_contrastive,ROUGE-L,0.6317501844
,Assamese to English,asm_Beng,eng_Latn,indic2en,False,contrastive,RBG-AI,RBG-AI_contrastive,chrF,60.35649125
,Assamese to English,asm_Beng,eng_Latn,indic2en,False,contrastive,RBG-AI,RBG-AI_contrastive,TER,68.49674981
,Assamese to English,asm_Beng,eng_Latn,indic2en,False,contrastive,RBG-AI,RBG-AI_contrastive,Cos Similarity,0.8824237949
,Assamese to English,asm_Beng,eng_Latn,indic2en,False,primary,DELAB_IIITM,DELAB_IIITM_primary,BLEU,15.02098368
,Assamese to English,asm_Beng,eng_Latn,indic2en,False,primary,DELAB_IIITM,DELAB_IIITM_primary,METEOR,0.6036783635
,Assamese to English,asm_Beng,eng_Latn,indic2en,False,primary,DELAB_IIITM,DELAB_IIITM_primary,ROUGE-L,0.6051298986
,Assamese to English,asm_Beng,eng_Latn,indic2en,False,primary,DELAB_IIITM,DELAB_IIITM_primary,chrF,59.37407705
,Assamese to English,asm_Beng,eng_Latn,indic2en,False,primary,DELAB_IIITM,DELAB_IIITM_primary,TER,75.2476856
,Assamese to English,asm_Beng,eng_Latn,indic2en,False,primary,DELAB_IIITM,DELAB_IIITM_primary,Cos Similarity,0.8692749047
,Assamese to English,asm_Beng,eng_Latn,indic2en,False,primary,BVSLP,BVSLP_primary,BLEU,14.90698584
,Assamese to English,asm_Beng,eng_Latn,indic2en,False,primary,BVSLP,BVSLP_primary,METEOR,0.6152953104
,Assamese to English,asm_Beng,eng_Latn,indic2en,False,primary,BVSLP,BVSLP_primary,ROUGE-L,0.6125623657
,Assamese to English,asm_Beng,eng_Latn,indic2en,False,primary,BVSLP,BVSLP_primary,chrF,60.29148355
,Assamese to English,asm_Beng,eng_Latn,indic2en,False,primary,BVSLP,BVSLP_primary,TER,71.32659784
,Assamese to English,asm_Beng,eng_Latn,indic2en,False,primary,BVSLP,BVSLP_primary,Cos Similarity,0.8930161657
,Assamese to English,asm_Beng,eng_Latn,indic2en,False,contrastive,SRIB-NMT,SRIB-NMT_contrastive,BLEU,12.67749328
,Assamese to English,asm_Beng,eng_Latn,indic2en,False,contrastive,SRIB-NMT,SRIB-NMT_contrastive,METEOR,0.004179757868
,Assamese to English,asm_Beng,eng_Latn,indic2en,False,contrastive,SRIB-NMT,SRIB-NMT_contrastive,ROUGE-L,0.6006931423
,Assamese to English,asm_Beng,eng_Latn,indic2en,False,contrastive,SRIB-NMT,SRIB-NMT_contrastive,chrF,57.69060254
,Assamese to English,asm_Beng,eng_Latn,indic2en,False,contrastive,SRIB-NMT,SRIB-NMT_contrastive,TER,88.4327697
,Assamese to English,asm_Beng,eng_Latn,indic2en,False,contrastive,SRIB-NMT,SRIB-NMT_contrastive,Cos Similarity,0.8490538802
,Assamese to English,asm_Beng,eng_Latn,indic2en,False,primary,AkibaNLP-TUT,AkibaNLP-TUT,BLEU,12.27930667
,Assamese to English,asm_Beng,eng_Latn,indic2en,False,primary,AkibaNLP-TUT,AkibaNLP-TUT,METEOR,0.5390739004
,Assamese to English,asm_Beng,eng_Latn,indic2en,False,primary,AkibaNLP-TUT,AkibaNLP-TUT,ROUGE-L,0.5570187346
,Assamese to English,asm_Beng,eng_Latn,indic2en,False,primary,AkibaNLP-TUT,AkibaNLP-TUT,chrF,55.6091601
,Assamese to English,asm_Beng,eng_Latn,indic2en,False,primary,AkibaNLP-TUT,AkibaNLP-TUT,TER,78.23956082
,Assamese to English,asm_Beng,eng_Latn,indic2en,False,primary,AkibaNLP-TUT,AkibaNLP-TUT,Cos Similarity,0.8260435719
,Assamese to English,asm_Beng,eng_Latn,indic2en,False,primary,MT@HLT-BLR_Amrtita,MT@HLT-BLR_Amrtita_primary,BLEU,10.57549234
,Assamese to English,asm_Beng,eng_Latn,indic2en,False,primary,MT@HLT-BLR_Amrtita,MT@HLT-BLR_Amrtita_primary,METEOR,0.6094129187
,Assamese to English,asm_Beng,eng_Latn,indic2en,False,primary,MT@HLT-BLR_Amrtita,MT@HLT-BLR_Amrtita_primary,ROUGE-L,0.5393322554
,Assamese to English,asm_Beng,eng_Latn,indic2en,False,primary,MT@HLT-BLR_Amrtita,MT@HLT-BLR_Amrtita_primary,chrF,58.06269233
,Assamese to English,asm_Beng,eng_Latn,indic2en,False,primary,MT@HLT-BLR_Amrtita,MT@HLT-BLR_Amrtita_primary,TER,148.9106937
,Assamese to English,asm_Beng,eng_Latn,indic2en,False,primary,MT@HLT-BLR_Amrtita,MT@HLT-BLR_Amrtita_primary,Cos Similarity,0.875474216
,Assamese to English,asm_Beng,eng_Latn,indic2en,False,primary,Transformers,Transformers_primary,BLEU,7.627036843
,Assamese to English,asm_Beng,eng_Latn,indic2en,False,primary,Transformers,Transformers_primary,METEOR,0.4368752387
,Assamese to English,asm_Beng,eng_Latn,indic2en,False,primary,Transformers,Transformers_primary,ROUGE-L,0.4717585705
,Assamese to English,asm_Beng,eng_Latn,indic2en,False,primary,Transformers,Transformers_primary,chrF,47.3556329
,Assamese to English,asm_Beng,eng_Latn,indic2en,False,primary,Transformers,Transformers_primary,TER,102.5463121
,Assamese to English,asm_Beng,eng_Latn,indic2en,False,primary,Transformers,Transformers_primary,Cos Similarity,0.7432884371
,Assamese to English,asm_Beng,eng_Latn,indic2en,False,primary,JU-NLP,JU-NLP_primary,BLEU,0.3715729495
,Assamese to English,asm_Beng,eng_Latn,indic2en,False,primary,JU-NLP,JU-NLP_primary,METEOR,0.01272716214
,Assamese to English,asm_Beng,eng_Latn,indic2en,False,primary,JU-NLP,JU-NLP_primary,ROUGE-L,0.02249613779
,Assamese to English,asm_Beng,eng_Latn,indic2en,False,primary,JU-NLP,JU-NLP_primary,chrF,14.25939258
,Assamese to English,asm_Beng,eng_Latn,indic2en,False,primary,JU-NLP,JU-NLP_primary,TER,116.7097333
,Assamese to English,asm_Beng,eng_Latn,indic2en,False,primary,JU-NLP,JU-NLP_primary,Cos Similarity,0.03881009858
,Assamese to English,asm_Beng,eng_Latn,indic2en,False,constrained,A3-108,A3-108_constraint,BLEU,0.3339891515
,Assamese to English,asm_Beng,eng_Latn,indic2en,False,constrained,A3-108,A3-108_constraint,METEOR,0.02300372554
,Assamese to English,asm_Beng,eng_Latn,indic2en,False,constrained,A3-108,A3-108_constraint,ROUGE-L,0.02141886153
,Assamese to English,asm_Beng,eng_Latn,indic2en,False,constrained,A3-108,A3-108_constraint,chrF,17.5031311
,Assamese to English,asm_Beng,eng_Latn,indic2en,False,constrained,A3-108,A3-108_constraint,TER,286.2820616
,Assamese to English,asm_Beng,eng_Latn,indic2en,False,constrained,A3-108,A3-108_constraint,Cos Similarity,0.07746782952
,Assamese to English,asm_Beng,eng_Latn,indic2en,False,contrastive,A3-108,A3-108_contrastive1,BLEU,0.3339891515
,Assamese to English,asm_Beng,eng_Latn,indic2en,False,contrastive,A3-108,A3-108_contrastive1,METEOR,0.02300251878
,Assamese to English,asm_Beng,eng_Latn,indic2en,False,contrastive,A3-108,A3-108_contrastive1,ROUGE-L,0.02141886153
,Assamese to English,asm_Beng,eng_Latn,indic2en,False,contrastive,A3-108,A3-108_contrastive1,chrF,17.50418899
,Assamese to English,asm_Beng,eng_Latn,indic2en,False,contrastive,A3-108,A3-108_contrastive1,TER,286.3153949
,Assamese to English,asm_Beng,eng_Latn,indic2en,False,contrastive,A3-108,A3-108_contrastive1,Cos Similarity,0.07743314794
,Assamese to English,asm_Beng,eng_Latn,indic2en,False,contrastive,A3-108,A3-108_contrastive2,BLEU,0.3331121774
,Assamese to English,asm_Beng,eng_Latn,indic2en,False,contrastive,A3-108,A3-108_contrastive2,METEOR,0.02292113856
,Assamese to English,asm_Beng,eng_Latn,indic2en,False,contrastive,A3-108,A3-108_contrastive2,ROUGE-L,0.02130759215
,Assamese to English,asm_Beng,eng_Latn,indic2en,False,contrastive,A3-108,A3-108_contrastive2,chrF,17.5031934
,Assamese to English,asm_Beng,eng_Latn,indic2en,False,contrastive,A3-108,A3-108_contrastive2,TER,286.2066085
,Assamese to English,asm_Beng,eng_Latn,indic2en,False,contrastive,A3-108,A3-108_contrastive2,Cos Similarity,0.07747176906
,Assamese to English,asm_Beng,eng_Latn,indic2en,False,primary,A3-108,A3-108_primary,BLEU,0.3331121774
,Assamese to English,asm_Beng,eng_Latn,indic2en,False,primary,A3-108,A3-108_primary,METEOR,0.02292113856
,Assamese to English,asm_Beng,eng_Latn,indic2en,False,primary,A3-108,A3-108_primary,ROUGE-L,0.02130759215
,Assamese to English,asm_Beng,eng_Latn,indic2en,False,primary,A3-108,A3-108_primary,chrF,17.5031934
,Assamese to English,asm_Beng,eng_Latn,indic2en,False,primary,A3-108,A3-108_primary,TER,286.2066085
,Assamese to English,asm_Beng,eng_Latn,indic2en,False,primary,A3-108,A3-108_primary,Cos Similarity,0.07747176906
,English to Assamese,eng_Latn,asm_Beng,en2indic,False,contrastive,TranssionMT,TranssionMT_contrastive2,BLEU,67.50020278
,English to Assamese,eng_Latn,asm_Beng,en2indic,False,contrastive,TranssionMT,TranssionMT_contrastive2,METEOR,0.7716218802
,English to Assamese,eng_Latn,asm_Beng,en2indic,False,contrastive,TranssionMT,TranssionMT_contrastive2,ROUGE-L,0.01736666667
,English to Assamese,eng_Latn,asm_Beng,en2indic,False,contrastive,TranssionMT,TranssionMT_contrastive2,chrF,82.46069347
,English to Assamese,eng_Latn,asm_Beng,en2indic,False,contrastive,TranssionMT,TranssionMT_contrastive2,TER,28.117068
,English to Assamese,eng_Latn,asm_Beng,en2indic,False,primary,TranssionMT,TranssionMT_primary,BLEU,20.96623223
,English to Assamese,eng_Latn,asm_Beng,en2indic,False,primary,TranssionMT,TranssionMT_primary,METEOR,0.4701601603
,English to Assamese,eng_Latn,asm_Beng,en2indic,False,primary,TranssionMT,TranssionMT_primary,ROUGE-L,0.002257142857
,English to Assamese,eng_Latn,asm_Beng,en2indic,False,primary,TranssionMT,TranssionMT_primary,chrF,61.56725086
,English to Assamese,eng_Latn,asm_Beng,en2indic,False,primary,TranssionMT,TranssionMT_primary,TER,62.18014211
,English to Assamese,eng_Latn,asm_Beng,en2indic,False,contrastive,TranssionMT,TranssionMT_contrastive1,BLEU,19.28887033
,English to Assamese,eng_Latn,asm_Beng,en2indic,False,contrastive,TranssionMT,TranssionMT_contrastive1,METEOR,0.4506138063
,English to Assamese,eng_Latn,asm_Beng,en2indic,False,contrastive,TranssionMT,TranssionMT_contrastive1,ROUGE-L,0.0062
,English to Assamese,eng_Latn,asm_Beng,en2indic,False,contrastive,TranssionMT,TranssionMT_contrastive1,chrF,60.3942656
,English to Assamese,eng_Latn,asm_Beng,en2indic,False,contrastive,TranssionMT,TranssionMT_contrastive1,TER,63.86362889
,English to Assamese,eng_Latn,asm_Beng,en2indic,False,contrastive,DoDS-IITPKD,DoDS-IITPKD_contrastive,BLEU,17.64378703
,English to Assamese,eng_Latn,asm_Beng,en2indic,False,contrastive,DoDS-IITPKD,DoDS-IITPKD_contrastive,METEOR,0.4224045
,English to Assamese,eng_Latn,asm_Beng,en2indic,False,contrastive,DoDS-IITPKD,DoDS-IITPKD_contrastive,ROUGE-L,0.00739047619
,English to Assamese,eng_Latn,asm_Beng,en2indic,False,contrastive,DoDS-IITPKD,DoDS-IITPKD_contrastive,chrF,57.71314574
,English to Assamese,eng_Latn,asm_Beng,en2indic,False,contrastive,DoDS-IITPKD,DoDS-IITPKD_contrastive,TER,74.80842234
,English to Assamese,eng_Latn,asm_Beng,en2indic,False,primary,DoDS-IITPKD,DoDS-IITPKD_primary,BLEU,17.53525779
,English to Assamese,eng_Latn,asm_Beng,en2indic,False,primary,DoDS-IITPKD,DoDS-IITPKD_primary,METEOR,0.4223516459
,English to Assamese,eng_Latn,asm_Beng,en2indic,False,primary,DoDS-IITPKD,DoDS-IITPKD_primary,ROUGE-L,0.00739047619
,English to Assamese,eng_Latn,asm_Beng,en2indic,False,primary,DoDS-IITPKD,DoDS-IITPKD_primary,chrF,57.74594997
,English to Assamese,eng_Latn,asm_Beng,en2indic,False,primary,DoDS-IITPKD,DoDS-IITPKD_primary,TER,71.17163173
,English to Assamese,eng_Latn,asm_Beng,en2indic,False,primary,JU-NLP,JU-NLP_primary,BLEU,16.7158074
,English to Assamese,eng_Latn,asm_Beng,en2indic,False,primary,JU-NLP,JU-NLP_primary,METEOR,0.4122344437
,English to Assamese,eng_Latn,asm_Beng,en2indic,False,primary,JU-NLP,JU-NLP_primary,ROUGE-L,0.003857142857
,English to Assamese,eng_Latn,asm_Beng,en2indic,False,primary,JU-NLP,JU-NLP_primary,chrF,57.22029474
,English to Assamese,eng_Latn,asm_Beng,en2indic,False,primary,JU-NLP,JU-NLP_primary,TER,70.68942578
,English to Assamese,eng_Latn,asm_Beng,en2indic,False,primary,DELAB_IIITM,DELAB_IIITM_primary,BLEU,16.10512869
,English to Assamese,eng_Latn,asm_Beng,en2indic,False,primary,DELAB_IIITM,DELAB_IIITM_primary,METEOR,0.4064603257
,English to Assamese,eng_Latn,asm_Beng,en2indic,False,primary,DELAB_IIITM,DELAB_IIITM_primary,ROUGE-L,0.003
,English to Assamese,eng_Latn,asm_Beng,en2indic,False,primary,DELAB_IIITM,DELAB_IIITM_primary,chrF,55.7020685
,English to Assamese,eng_Latn,asm_Beng,en2indic,False,primary,DELAB_IIITM,DELAB_IIITM_primary,TER,68.32429763
,English to Assamese,eng_Latn,asm_Beng,en2indic,False,primary,AkibaNLP-TUT,AkibaNLP-TUT_primary,BLEU,14.03027117
,English to Assamese,eng_Latn,asm_Beng,en2indic,False,primary,AkibaNLP-TUT,AkibaNLP-TUT_primary,METEOR,0.3763497202
,English to Assamese,eng_Latn,asm_Beng,en2indic,False,primary,AkibaNLP-TUT,AkibaNLP-TUT_primary,ROUGE-L,0.01319047619
,English to Assamese,eng_Latn,asm_Beng,en2indic,False,primary,AkibaNLP-TUT,AkibaNLP-TUT_primary,chrF,53.75837038
,English to Assamese,eng_Latn,asm_Beng,en2indic,False,primary,AkibaNLP-TUT,AkibaNLP-TUT_primary,TER,74.08270628
,English to Assamese,eng_Latn,asm_Beng,en2indic,False,contrastive,BilbaoMT,BilbaoMT_contrastive,BLEU,10.2294979
,English to Assamese,eng_Latn,asm_Beng,en2indic,False,contrastive,BilbaoMT,BilbaoMT_contrastive,METEOR,0.284482303
,English to Assamese,eng_Latn,asm_Beng,en2indic,False,contrastive,BilbaoMT,BilbaoMT_contrastive,ROUGE-L,0.008416666667
,English to Assamese,eng_Latn,asm_Beng,en2indic,False,contrastive,BilbaoMT,BilbaoMT_contrastive,chrF,43.99794145
,English to Assamese,eng_Latn,asm_Beng,en2indic,False,contrastive,BilbaoMT,BilbaoMT_contrastive,TER,77.84440595
,English to Assamese,eng_Latn,asm_Beng,en2indic,False,contrastive,RBG-AI,RBG-AI_contrastive,BLEU,9.09144366
,English to Assamese,eng_Latn,asm_Beng,en2indic,False,contrastive,RBG-AI,RBG-AI_contrastive,METEOR,0.2809088311
,English to Assamese,eng_Latn,asm_Beng,en2indic,False,contrastive,RBG-AI,RBG-AI_contrastive,ROUGE-L,0.006
,English to Assamese,eng_Latn,asm_Beng,en2indic,False,contrastive,RBG-AI,RBG-AI_contrastive,chrF,45.47980822
,English to Assamese,eng_Latn,asm_Beng,en2indic,False,contrastive,RBG-AI,RBG-AI_contrastive,TER,81.72841243
,English to Assamese,eng_Latn,asm_Beng,en2indic,False,primary,Transformers,Transformers_primary,BLEU,6.919221523
,English to Assamese,eng_Latn,asm_Beng,en2indic,False,primary,Transformers,Transformers_primary,METEOR,0.2336551578
,English to Assamese,eng_Latn,asm_Beng,en2indic,False,primary,Transformers,Transformers_primary,ROUGE-L,0.001
,English to Assamese,eng_Latn,asm_Beng,en2indic,False,primary,Transformers,Transformers_primary,chrF,41.91729444
,English to Assamese,eng_Latn,asm_Beng,en2indic,False,primary,Transformers,Transformers_primary,TER,89.9924611
,English to Assamese,eng_Latn,asm_Beng,en2indic,False,constrained,A3-108,A3-108_constraint,BLEU,3.028733907
,English to Assamese,eng_Latn,asm_Beng,en2indic,False,constrained,A3-108,A3-108_constraint,METEOR,0.1145401
,English to Assamese,eng_Latn,asm_Beng,en2indic,False,constrained,A3-108,A3-108_constraint,ROUGE-L,0
,English to Assamese,eng_Latn,asm_Beng,en2indic,False,constrained,A3-108,A3-108_constraint,chrF,31.63489746
,English to Assamese,eng_Latn,asm_Beng,en2indic,False,constrained,A3-108,A3-108_constraint,TER,108.9135436
,English to Assamese,eng_Latn,asm_Beng,en2indic,False,contrastive,A3-108,A3-108_contrastive1,BLEU,3.025539183
,English to Assamese,eng_Latn,asm_Beng,en2indic,False,contrastive,A3-108,A3-108_contrastive1,METEOR,0.1136755279
,English to Assamese,eng_Latn,asm_Beng,en2indic,False,contrastive,A3-108,A3-108_contrastive1,ROUGE-L,0
,English to Assamese,eng_Latn,asm_Beng,en2indic,False,contrastive,A3-108,A3-108_contrastive1,chrF,31.29602854
,English to Assamese,eng_Latn,asm_Beng,en2indic,False,contrastive,A3-108,A3-108_contrastive1,TER,107.3300783
,English to Assamese,eng_Latn,asm_Beng,en2indic,False,primary,A3-108,A3-108_primary,BLEU,2.969402388
,English to Assamese,eng_Latn,asm_Beng,en2indic,False,primary,A3-108,A3-108_primary,METEOR,0.1126309043
,English to Assamese,eng_Latn,asm_Beng,en2indic,False,primary,A3-108,A3-108_primary,ROUGE-L,0
,English to Assamese,eng_Latn,asm_Beng,en2indic,False,primary,A3-108,A3-108_primary,chrF,31.45660793
,English to Assamese,eng_Latn,asm_Beng,en2indic,False,primary,A3-108,A3-108_primary,TER,107.3458896
,English to Assamese,eng_Latn,asm_Beng,en2indic,False,contrastive,A3-108,A3-108_contrastive2,BLEU,2.925588316
,English to Assamese,eng_Latn,asm_Beng,en2indic,False,contrastive,A3-108,A3-108_contrastive2,METEOR,0.1089435228
,English to Assamese,eng_Latn,asm_Beng,en2indic,False,contrastive,A3-108,A3-108_contrastive2,ROUGE-L,0
,English to Assamese,eng_Latn,asm_Beng,en2indic,False,contrastive,A3-108,A3-108_contrastive2,chrF,30.48678405
,English to Assamese,eng_Latn,asm_Beng,en2indic,False,contrastive,A3-108,A3-108_contrastive2,TER,104.256073
,English to Assamese,eng_Latn,asm_Beng,en2indic,False,primary,BVSLP,BVSLP_primary,BLEU,1.810109903
,English to Assamese,eng_Latn,asm_Beng,en2indic,False,primary,BVSLP,BVSLP_primary,METEOR,0.05849541589
,English to Assamese,eng_Latn,asm_Beng,en2indic,False,primary,BVSLP,BVSLP_primary,ROUGE-L,0.003
,English to Assamese,eng_Latn,asm_Beng,en2indic,False,primary,BVSLP,BVSLP_primary,chrF,27.45025141
,English to Assamese,eng_Latn,asm_Beng,en2indic,False,primary,BVSLP,BVSLP_primary,TER,98.66174223
,English to Assamese,eng_Latn,asm_Beng,en2indic,False,primary,Hope for best,Hope for best,BLEU,0
,English to Assamese,eng_Latn,asm_Beng,en2indic,False,primary,Hope for best,Hope for best,METEOR,0
,English to Assamese,eng_Latn,asm_Beng,en2indic,False,primary,Hope for best,Hope for best,ROUGE-L,0
,English to Assamese,eng_Latn,asm_Beng,en2indic,False,primary,Hope for best,Hope for best,chrF,1.431905447
,English to Assamese,eng_Latn,asm_Beng,en2indic,False,primary,Hope for best,Hope for best,TER,152.0370543
,English to Manipuri,eng_Latn,mni_Beng,en2indic,False,contrastive,TranssionMT,TranssionMT_contrastive1,BLEU,4.486817637
,English to Manipuri,eng_Latn,mni_Beng,en2indic,False,contrastive,TranssionMT,TranssionMT_contrastive1,METEOR,0.1642042604
,English to Manipuri,eng_Latn,mni_Beng,en2indic,False,contrastive,TranssionMT,TranssionMT_contrastive1,ROUGE-L,0.0125
,English to Manipuri,eng_Latn,mni_Beng,en2indic,False,contrastive,TranssionMT,TranssionMT_contrastive1,chrF,44.11435827
,English to Manipuri,eng_Latn,mni_Beng,en2indic,False,contrastive,TranssionMT,TranssionMT_contrastive1,TER,85.96146902
,English to Manipuri,eng_Latn,mni_Beng,en2indic,False,primary,BVSLP,BVSLP_primary,BLEU,4.15145205
,English to Manipuri,eng_Latn,mni_Beng,en2indic,False,primary,BVSLP,BVSLP_primary,METEOR,0.1464458762
,English to Manipuri,eng_Latn,mni_Beng,en2indic,False,primary,BVSLP,BVSLP_primary,ROUGE-L,0.009866666667
,English to Manipuri,eng_Latn,mni_Beng,en2indic,False,primary,BVSLP,BVSLP_primary,chrF,41.43192248
,English to Manipuri,eng_Latn,mni_Beng,en2indic,False,primary,BVSLP,BVSLP_primary,TER,89.59891851
,English to Manipuri,eng_Latn,mni_Beng,en2indic,False,primary,JU-NLP,JU-NLP_primary,BLEU,4.124431863
,English to Manipuri,eng_Latn,mni_Beng,en2indic,False,primary,JU-NLP,JU-NLP_primary,METEOR,0.155396225
,English to Manipuri,eng_Latn,mni_Beng,en2indic,False,primary,JU-NLP,JU-NLP_primary,ROUGE-L,0.01133333333
,English to Manipuri,eng_Latn,mni_Beng,en2indic,False,primary,JU-NLP,JU-NLP_primary,chrF,43.86698405
,English to Manipuri,eng_Latn,mni_Beng,en2indic,False,primary,JU-NLP,JU-NLP_primary,TER,93.16072622
,English to Manipuri,eng_Latn,mni_Beng,en2indic,False,contrastive,RBG-AI,RBG-AI_contrastive,BLEU,4.105991408
,English to Manipuri,eng_Latn,mni_Beng,en2indic,False,contrastive,RBG-AI,RBG-AI_contrastive,METEOR,0.1441800197
,English to Manipuri,eng_Latn,mni_Beng,en2indic,False,contrastive,RBG-AI,RBG-AI_contrastive,ROUGE-L,0.003666666667
,English to Manipuri,eng_Latn,mni_Beng,en2indic,False,contrastive,RBG-AI,RBG-AI_contrastive,chrF,40.63731143
,English to Manipuri,eng_Latn,mni_Beng,en2indic,False,contrastive,RBG-AI,RBG-AI_contrastive,TER,90.03920739
,English to Manipuri,eng_Latn,mni_Beng,en2indic,False,primary,TranssionMT,TranssionMT_primary,BLEU,3.661516104
,English to Manipuri,eng_Latn,mni_Beng,en2indic,False,primary,TranssionMT,TranssionMT_primary,METEOR,0.1349213171
,English to Manipuri,eng_Latn,mni_Beng,en2indic,False,primary,TranssionMT,TranssionMT_primary,ROUGE-L,0.01
,English to Manipuri,eng_Latn,mni_Beng,en2indic,False,primary,TranssionMT,TranssionMT_primary,chrF,38.64278683
,English to Manipuri,eng_Latn,mni_Beng,en2indic,False,primary,TranssionMT,TranssionMT_primary,TER,92.7579509
,English to Manipuri,eng_Latn,mni_Beng,en2indic,False,contrastive,SRIB-NMT,SRIB-NMT_contrastive,BLEU,3.258313409
,English to Manipuri,eng_Latn,mni_Beng,en2indic,False,contrastive,SRIB-NMT,SRIB-NMT_contrastive,METEOR,0
,English to Manipuri,eng_Latn,mni_Beng,en2indic,False,contrastive,SRIB-NMT,SRIB-NMT_contrastive,ROUGE-L,0.009333333333
,English to Manipuri,eng_Latn,mni_Beng,en2indic,False,contrastive,SRIB-NMT,SRIB-NMT_contrastive,chrF,39.52102429
,English to Manipuri,eng_Latn,mni_Beng,en2indic,False,contrastive,SRIB-NMT,SRIB-NMT_contrastive,TER,104.7976328
,English to Manipuri,eng_Latn,mni_Beng,en2indic,False,primary,DELAB_IIITM,DELAB_IIITM_primary,BLEU,3.151659285
,English to Manipuri,eng_Latn,mni_Beng,en2indic,False,primary,DELAB_IIITM,DELAB_IIITM_primary,METEOR,0.1133723145
,English to Manipuri,eng_Latn,mni_Beng,en2indic,False,primary,DELAB_IIITM,DELAB_IIITM_primary,ROUGE-L,0.008666666667
,English to Manipuri,eng_Latn,mni_Beng,en2indic,False,primary,DELAB_IIITM,DELAB_IIITM_primary,chrF,37.5120666
,English to Manipuri,eng_Latn,mni_Beng,en2indic,False,primary,DELAB_IIITM,DELAB_IIITM_primary,TER,132.0544447
,English to Manipuri,eng_Latn,mni_Beng,en2indic,False,primary,Transformers,Transformers_primary,BLEU,2.79059501
,English to Manipuri,eng_Latn,mni_Beng,en2indic,False,primary,Transformers,Transformers_primary,METEOR,0.0989771979
,English to Manipuri,eng_Latn,mni_Beng,en2indic,False,primary,Transformers,Transformers_primary,ROUGE-L,0.004
,English to Manipuri,eng_Latn,mni_Beng,en2indic,False,primary,Transformers,Transformers_primary,chrF,33.41233284
,English to Manipuri,eng_Latn,mni_Beng,en2indic,False,primary,Transformers,Transformers_primary,TER,98.7595131
,English to Manipuri,eng_Latn,mni_Beng,en2indic,False,contrastive,BilbaoMT,BilbaoMT_contrastive,BLEU,2.750641327
,English to Manipuri,eng_Latn,mni_Beng,en2indic,False,contrastive,BilbaoMT,BilbaoMT_contrastive,METEOR,0.09069512426
,English to Manipuri,eng_Latn,mni_Beng,en2indic,False,contrastive,BilbaoMT,BilbaoMT_contrastive,ROUGE-L,0.009571428571
,English to Manipuri,eng_Latn,mni_Beng,en2indic,False,contrastive,BilbaoMT,BilbaoMT_contrastive,chrF,31.68658548
,English to Manipuri,eng_Latn,mni_Beng,en2indic,False,contrastive,BilbaoMT,BilbaoMT_contrastive,TER,90.45686803
,Manipuri to English,mni_Beng,eng_Latn,indic2en,False,contrastive,TranssionMT,TranssionMT_contrastive1,BLEU,14.86168151
,Manipuri to English,mni_Beng,eng_Latn,indic2en,False,contrastive,TranssionMT,TranssionMT_contrastive1,METEOR,0.5549317653
,Manipuri to English,mni_Beng,eng_Latn,indic2en,False,contrastive,TranssionMT,TranssionMT_contrastive1,ROUGE-L,0.5762811325
,Manipuri to English,mni_Beng,eng_Latn,indic2en,False,contrastive,TranssionMT,TranssionMT_contrastive1,chrF,58.07920119
,Manipuri to English,mni_Beng,eng_Latn,indic2en,False,contrastive,TranssionMT,TranssionMT_contrastive1,TER,76.10372823
,Manipuri to English,mni_Beng,eng_Latn,indic2en,False,contrastive,TranssionMT,TranssionMT_contrastive1,Cos Similarity,0.8601333114
,Manipuri to English,mni_Beng,eng_Latn,indic2en,False,primary,TranssionMT,TranssionMT_primary,BLEU,13.36805042
,Manipuri to English,mni_Beng,eng_Latn,indic2en,False,primary,TranssionMT,TranssionMT_primary,METEOR,0.5540675079
,Manipuri to English,mni_Beng,eng_Latn,indic2en,False,primary,TranssionMT,TranssionMT_primary,ROUGE-L,0.5649507025
,Manipuri to English,mni_Beng,eng_Latn,indic2en,False,primary,TranssionMT,TranssionMT_primary,chrF,56.71345462
,Manipuri to English,mni_Beng,eng_Latn,indic2en,False,primary,TranssionMT,TranssionMT_primary,TER,79.31081004
,Manipuri to English,mni_Beng,eng_Latn,indic2en,False,primary,TranssionMT,TranssionMT_primary,Cos Similarity,0.8599119633
,Manipuri to English,mni_Beng,eng_Latn,indic2en,False,primary,JU-NLP,JU-NLP_primary,BLEU,8.100472082
,Manipuri to English,mni_Beng,eng_Latn,indic2en,False,primary,JU-NLP,JU-NLP_primary,METEOR,0.4798932922
,Manipuri to English,mni_Beng,eng_Latn,indic2en,False,primary,JU-NLP,JU-NLP_primary,ROUGE-L,0.4947337794
,Manipuri to English,mni_Beng,eng_Latn,indic2en,False,primary,JU-NLP,JU-NLP_primary,chrF,49.59972928
,Manipuri to English,mni_Beng,eng_Latn,indic2en,False,primary,JU-NLP,JU-NLP_primary,TER,100.2915997
,Manipuri to English,mni_Beng,eng_Latn,indic2en,False,primary,JU-NLP,JU-NLP_primary,Cos Similarity,0.7974492209
,Manipuri to English,mni_Beng,eng_Latn,indic2en,False,contrastive,RBG-AI,RBG-AI_contrastive,BLEU,7.848029939
,Manipuri to English,mni_Beng,eng_Latn,indic2en,False,contrastive,RBG-AI,RBG-AI_contrastive,METEOR,0.4308889905
,Manipuri to English,mni_Beng,eng_Latn,indic2en,False,contrastive,RBG-AI,RBG-AI_contrastive,ROUGE-L,0.4682013628
,Manipuri to English,mni_Beng,eng_Latn,indic2en,False,contrastive,RBG-AI,RBG-AI_contrastive,chrF,48.07635432
,Manipuri to English,mni_Beng,eng_Latn,indic2en,False,contrastive,RBG-AI,RBG-AI_contrastive,TER,94.56331197
,Manipuri to English,mni_Beng,eng_Latn,indic2en,False,contrastive,RBG-AI,RBG-AI_contrastive,Cos Similarity,0.7608373562
,Manipuri to English,mni_Beng,eng_Latn,indic2en,False,primary,DELAB_IIITM,DELAB_IIITM_primary,BLEU,7.34604058
,Manipuri to English,mni_Beng,eng_Latn,indic2en,False,primary,DELAB_IIITM,DELAB_IIITM_primary,METEOR,0.463872509
,Manipuri to English,mni_Beng,eng_Latn,indic2en,False,primary,DELAB_IIITM,DELAB_IIITM_primary,ROUGE-L,0.4790039452
,Manipuri to English,mni_Beng,eng_Latn,indic2en,False,primary,DELAB_IIITM,DELAB_IIITM_primary,chrF,48.78317914
,Manipuri to English,mni_Beng,eng_Latn,indic2en,False,primary,DELAB_IIITM,DELAB_IIITM_primary,TER,103.1970038
,Manipuri to English,mni_Beng,eng_Latn,indic2en,False,primary,DELAB_IIITM,DELAB_IIITM_primary,Cos Similarity,0.7645398016
,Manipuri to English,mni_Beng,eng_Latn,indic2en,False,primary,AkibaNLP-TUT,AkibaNLP-TUT,BLEU,5.740368978
,Manipuri to English,mni_Beng,eng_Latn,indic2en,False,primary,AkibaNLP-TUT,AkibaNLP-TUT,METEOR,0.3277926
,Manipuri to English,mni_Beng,eng_Latn,indic2en,False,primary,AkibaNLP-TUT,AkibaNLP-TUT,ROUGE-L,0.3698437666
,Manipuri to English,mni_Beng,eng_Latn,indic2en,False,primary,AkibaNLP-TUT,AkibaNLP-TUT,chrF,41.28047841
,Manipuri to English,mni_Beng,eng_Latn,indic2en,False,primary,AkibaNLP-TUT,AkibaNLP-TUT,TER,109.9462966
,Manipuri to English,mni_Beng,eng_Latn,indic2en,False,primary,AkibaNLP-TUT,AkibaNLP-TUT,Cos Similarity,0.6179103282
,Manipuri to English,mni_Beng,eng_Latn,indic2en,False,primary,Transformers,Transformers_primary,BLEU,4.272947871
,Manipuri to English,mni_Beng,eng_Latn,indic2en,False,primary,Transformers,Transformers_primary,METEOR,0.2908753836
,Manipuri to English,mni_Beng,eng_Latn,indic2en,False,primary,Transformers,Transformers_primary,ROUGE-L,0.3268834308
,Manipuri to English,mni_Beng,eng_Latn,indic2en,False,primary,Transformers,Transformers_primary,chrF,36.96543969
,Manipuri to English,mni_Beng,eng_Latn,indic2en,False,primary,Transformers,Transformers_primary,TER,125.986824
,Manipuri to English,mni_Beng,eng_Latn,indic2en,False,primary,Transformers,Transformers_primary,Cos Similarity,0.5548190278
,Manipuri to English,mni_Beng,eng_Latn,indic2en,False,primary,BVSLP,BVSLP_primary,BLEU,3.056814809
,Manipuri to English,mni_Beng,eng_Latn,indic2en,False,primary,BVSLP,BVSLP_primary,METEOR,0.2212412906
,Manipuri to English,mni_Beng,eng_Latn,indic2en,False,primary,BVSLP,BVSLP_primary,ROUGE-L,0.2506661424
,Manipuri to English,mni_Beng,eng_Latn,indic2en,False,primary,BVSLP,BVSLP_primary,chrF,35.61296964
,Manipuri to English,mni_Beng,eng_Latn,indic2en,False,primary,BVSLP,BVSLP_primary,TER,139.025647
,Manipuri to English,mni_Beng,eng_Latn,indic2en,False,primary,BVSLP,BVSLP_primary,Cos Similarity,0.5670719487
,Manipuri to English,mni_Beng,eng_Latn,indic2en,False,contrastive,SRIB-NMT,SRIB-NMT_contrastive,BLEU,0.335151073
,Manipuri to English,mni_Beng,eng_Latn,indic2en,False,contrastive,SRIB-NMT,SRIB-NMT_contrastive,METEOR,0.0262005454
,Manipuri to English,mni_Beng,eng_Latn,indic2en,False,contrastive,SRIB-NMT,SRIB-NMT_contrastive,ROUGE-L,0.03420216674
,Manipuri to English,mni_Beng,eng_Latn,indic2en,False,contrastive,SRIB-NMT,SRIB-NMT_contrastive,chrF,12.64484859
,Manipuri to English,mni_Beng,eng_Latn,indic2en,False,contrastive,SRIB-NMT,SRIB-NMT_contrastive,TER,261.4916583
,Manipuri to English,mni_Beng,eng_Latn,indic2en,False,contrastive,SRIB-NMT,SRIB-NMT_contrastive,Cos Similarity,0.06854172166
,English to Khasi,eng_Latn,kha_Latn,en2indic,False,contrastive,TranssionMT,TranssionMT_contrastive2,BLEU,82.55699857
,English to Khasi,eng_Latn,kha_Latn,en2indic,False,contrastive,TranssionMT,TranssionMT_contrastive2,METEOR,0.9058287406
,English to Khasi,eng_Latn,kha_Latn,en2indic,False,contrastive,TranssionMT,TranssionMT_contrastive2,ROUGE-L,0.9147767595
,English to Khasi,eng_Latn,kha_Latn,en2indic,False,contrastive,TranssionMT,TranssionMT_contrastive2,chrF,90.17498079
,English to Khasi,eng_Latn,kha_Latn,en2indic,False,contrastive,TranssionMT,TranssionMT_contrastive2,TER,11.3207915
,English to Khasi,eng_Latn,kha_Latn,en2indic,False,contrastive,DoDS-IITPKD,DoDS-IITPKD_contrastive,BLEU,20.08304968
,English to Khasi,eng_Latn,kha_Latn,en2indic,False,contrastive,DoDS-IITPKD,DoDS-IITPKD_contrastive,METEOR,0.4522409453
,English to Khasi,eng_Latn,kha_Latn,en2indic,False,contrastive,DoDS-IITPKD,DoDS-IITPKD_contrastive,ROUGE-L,0.5336885176
,English to Khasi,eng_Latn,kha_Latn,en2indic,False,contrastive,DoDS-IITPKD,DoDS-IITPKD_contrastive,chrF,47.36165284
,English to Khasi,eng_Latn,kha_Latn,en2indic,False,contrastive,DoDS-IITPKD,DoDS-IITPKD_contrastive,TER,59.97500193
,English to Khasi,eng_Latn,kha_Latn,en2indic,False,contrastive,ANVITA,ANVITA_contrastive2,BLEU,19.42591054
,English to Khasi,eng_Latn,kha_Latn,en2indic,False,contrastive,ANVITA,ANVITA_contrastive2,METEOR,0.4571413633
,English to Khasi,eng_Latn,kha_Latn,en2indic,False,contrastive,ANVITA,ANVITA_contrastive2,ROUGE-L,0.5485778295
,English to Khasi,eng_Latn,kha_Latn,en2indic,False,contrastive,ANVITA,ANVITA_contrastive2,chrF,45.93321489
,English to Khasi,eng_Latn,kha_Latn,en2indic,False,contrastive,ANVITA,ANVITA_contrastive2,TER,54.40807409
,English to Khasi,eng_Latn,kha_Latn,en2indic,False,contrastive,ANVITA,ANVITA_contrastive,BLEU,18.82784869
,English to Khasi,eng_Latn,kha_Latn,en2indic,False,contrastive,ANVITA,ANVITA_contrastive,METEOR,0.4510651984
,English to Khasi,eng_Latn,kha_Latn,en2indic,False,contrastive,ANVITA,ANVITA_contrastive,ROUGE-L,0.5427698212
,English to Khasi,eng_Latn,kha_Latn,en2indic,False,contrastive,ANVITA,ANVITA_contrastive,chrF,45.48076227
,English to Khasi,eng_Latn,kha_Latn,en2indic,False,contrastive,ANVITA,ANVITA_contrastive,TER,55.75348042
,English to Khasi,eng_Latn,kha_Latn,en2indic,False,primary,DoDS-IITPKD,DoDS-IITPKD_primary,BLEU,14.20163755
,English to Khasi,eng_Latn,kha_Latn,en2indic,False,primary,DoDS-IITPKD,DoDS-IITPKD_primary,METEOR,0.3697594144
,English to Khasi,eng_Latn,kha_Latn,en2indic,False,primary,DoDS-IITPKD,DoDS-IITPKD_primary,ROUGE-L,0.4307034214
,English to Khasi,eng_Latn,kha_Latn,en2indic,False,primary,DoDS-IITPKD,DoDS-IITPKD_primary,chrF,39.94927098
,English to Khasi,eng_Latn,kha_Latn,en2indic,False,primary,DoDS-IITPKD,DoDS-IITPKD_primary,TER,87.4975154
,English to Khasi,eng_Latn,kha_Latn,en2indic,False,contrastive,RBG-AI,RBG-AI_contrastive,BLEU,10.31024999
,English to Khasi,eng_Latn,kha_Latn,en2indic,False,contrastive,RBG-AI,RBG-AI_contrastive,METEOR,0.2646713531
,English to Khasi,eng_Latn,kha_Latn,en2indic,False,contrastive,RBG-AI,RBG-AI_contrastive,ROUGE-L,0.3441220175
,English to Khasi,eng_Latn,kha_Latn,en2indic,False,contrastive,RBG-AI,RBG-AI_contrastive,chrF,32.10378153
,English to Khasi,eng_Latn,kha_Latn,en2indic,False,contrastive,RBG-AI,RBG-AI_contrastive,TER,77.0054109
,English to Khasi,eng_Latn,kha_Latn,en2indic,False,contrastive,BilbaoMT,BilbaoMT_contrastive,BLEU,8.026990193
,English to Khasi,eng_Latn,kha_Latn,en2indic,False,contrastive,BilbaoMT,BilbaoMT_contrastive,METEOR,0.2527319806
,English to Khasi,eng_Latn,kha_Latn,en2indic,False,contrastive,BilbaoMT,BilbaoMT_contrastive,ROUGE-L,0.352015719
,English to Khasi,eng_Latn,kha_Latn,en2indic,False,contrastive,BilbaoMT,BilbaoMT_contrastive,chrF,30.31652665
,English to Khasi,eng_Latn,kha_Latn,en2indic,False,contrastive,BilbaoMT,BilbaoMT_contrastive,TER,73.72011705
,English to Khasi,eng_Latn,kha_Latn,en2indic,False,primary,ANVITA,ANVITA_primary,BLEU,7.341123379
,English to Khasi,eng_Latn,kha_Latn,en2indic,False,primary,ANVITA,ANVITA_primary,METEOR,0.2482593922
,English to Khasi,eng_Latn,kha_Latn,en2indic,False,primary,ANVITA,ANVITA_primary,ROUGE-L,0.3429884227
,English to Khasi,eng_Latn,kha_Latn,en2indic,False,primary,ANVITA,ANVITA_primary,chrF,28.34154621
,English to Khasi,eng_Latn,kha_Latn,en2indic,False,primary,ANVITA,ANVITA_primary,TER,75.76519697
,English to Khasi,eng_Latn,kha_Latn,en2indic,False,primary,A3-108,A3-108_primary,BLEU,4.256951903
,English to Khasi,eng_Latn,kha_Latn,en2indic,False,primary,A3-108,A3-108_primary,METEOR,0.1922339274
,English to Khasi,eng_Latn,kha_Latn,en2indic,False,primary,A3-108,A3-108_primary,ROUGE-L,0.2554556938
,English to Khasi,eng_Latn,kha_Latn,en2indic,False,primary,A3-108,A3-108_primary,chrF,26.79903148
,English to Khasi,eng_Latn,kha_Latn,en2indic,False,primary,A3-108,A3-108_primary,TER,96.23991931
,English to Khasi,eng_Latn,kha_Latn,en2indic,False,contrastive,A3-108,A3-108_contrastive2,BLEU,4.240365924
,English to Khasi,eng_Latn,kha_Latn,en2indic,False,contrastive,A3-108,A3-108_contrastive2,METEOR,0.1884607027
,English to Khasi,eng_Latn,kha_Latn,en2indic,False,contrastive,A3-108,A3-108_contrastive2,ROUGE-L,0.2539352454
,English to Khasi,eng_Latn,kha_Latn,en2indic,False,contrastive,A3-108,A3-108_contrastive2,chrF,26.54741129
,English to Khasi,eng_Latn,kha_Latn,en2indic,False,contrastive,A3-108,A3-108_contrastive2,TER,94.70602259
,English to Khasi,eng_Latn,kha_Latn,en2indic,False,contrastive,A3-108,A3-108_contrastive1,BLEU,4.227660387
,English to Khasi,eng_Latn,kha_Latn,en2indic,False,contrastive,A3-108,A3-108_contrastive1,METEOR,0.193282971
,English to Khasi,eng_Latn,kha_Latn,en2indic,False,contrastive,A3-108,A3-108_contrastive1,ROUGE-L,0.2549760988
,English to Khasi,eng_Latn,kha_Latn,en2indic,False,contrastive,A3-108,A3-108_contrastive1,chrF,26.75773333
,English to Khasi,eng_Latn,kha_Latn,en2indic,False,contrastive,A3-108,A3-108_contrastive1,TER,97.94259469
,English to Khasi,eng_Latn,kha_Latn,en2indic,False,contrastive,SRIB-NMT,SRIB-NMT_contrastive,BLEU,4.185294442
,English to Khasi,eng_Latn,kha_Latn,en2indic,False,contrastive,SRIB-NMT,SRIB-NMT_contrastive,METEOR,0
,English to Khasi,eng_Latn,kha_Latn,en2indic,False,contrastive,SRIB-NMT,SRIB-NMT_contrastive,ROUGE-L,0.2274068983
,English to Khasi,eng_Latn,kha_Latn,en2indic,False,contrastive,SRIB-NMT,SRIB-NMT_contrastive,chrF,25.63455606
,English to Khasi,eng_Latn,kha_Latn,en2indic,False,contrastive,SRIB-NMT,SRIB-NMT_contrastive,TER,113.9726364
,English to Khasi,eng_Latn,kha_Latn,en2indic,False,constrained,A3-108,A3-108_constraint,BLEU,4.096816222
,English to Khasi,eng_Latn,kha_Latn,en2indic,False,constrained,A3-108,A3-108_constraint,METEOR,0.1937772565
,English to Khasi,eng_Latn,kha_Latn,en2indic,False,constrained,A3-108,A3-108_constraint,ROUGE-L,0.252237993
,English to Khasi,eng_Latn,kha_Latn,en2indic,False,constrained,A3-108,A3-108_constraint,chrF,26.90027138
,English to Khasi,eng_Latn,kha_Latn,en2indic,False,constrained,A3-108,A3-108_constraint,TER,100.6179384
,Khasi to English,kha_Latn,eng_Latn,indic2en,False,contrastive,TranssionMT,TranssionMT_contrastive2,BLEU,24.165584
,Khasi to English,kha_Latn,eng_Latn,indic2en,False,contrastive,TranssionMT,TranssionMT_contrastive2,METEOR,0.6347708757
,Khasi to English,kha_Latn,eng_Latn,indic2en,False,contrastive,TranssionMT,TranssionMT_contrastive2,ROUGE-L,0.6860623424
,Khasi to English,kha_Latn,eng_Latn,indic2en,False,contrastive,TranssionMT,TranssionMT_contrastive2,chrF,63.03925694
,Khasi to English,kha_Latn,eng_Latn,indic2en,False,contrastive,TranssionMT,TranssionMT_contrastive2,TER,52.80932669
,Khasi to English,kha_Latn,eng_Latn,indic2en,False,contrastive,TranssionMT,TranssionMT_contrastive2,Cos Similarity,0.8793447979
,Khasi to English,kha_Latn,eng_Latn,indic2en,False,contrastive,ANVITA,ANVITA_contrastive,BLEU,7.439456122
,Khasi to English,kha_Latn,eng_Latn,indic2en,False,contrastive,ANVITA,ANVITA_contrastive,METEOR,0.3763164663
,Khasi to English,kha_Latn,eng_Latn,indic2en,False,contrastive,ANVITA,ANVITA_contrastive,ROUGE-L,0.4159103128
,Khasi to English,kha_Latn,eng_Latn,indic2en,False,contrastive,ANVITA,ANVITA_contrastive,chrF,41.85034337
,Khasi to English,kha_Latn,eng_Latn,indic2en,False,contrastive,ANVITA,ANVITA_contrastive,TER,102.8683816
,Khasi to English,kha_Latn,eng_Latn,indic2en,False,contrastive,ANVITA,ANVITA_contrastive,Cos Similarity,0.7381396741
,Khasi to English,kha_Latn,eng_Latn,indic2en,False,contrastive,RBG-AI,RBG-AI_contrastive,BLEU,5.636662701
,Khasi to English,kha_Latn,eng_Latn,indic2en,False,contrastive,RBG-AI,RBG-AI_contrastive,METEOR,0.2734334142
,Khasi to English,kha_Latn,eng_Latn,indic2en,False,contrastive,RBG-AI,RBG-AI_contrastive,ROUGE-L,0.3230289093
,Khasi to English,kha_Latn,eng_Latn,indic2en,False,contrastive,RBG-AI,RBG-AI_contrastive,chrF,36.35867657
,Khasi to English,kha_Latn,eng_Latn,indic2en,False,contrastive,RBG-AI,RBG-AI_contrastive,TER,122.1172671
,Khasi to English,kha_Latn,eng_Latn,indic2en,False,contrastive,RBG-AI,RBG-AI_contrastive,Cos Similarity,0.6240643384
,Khasi to English,kha_Latn,eng_Latn,indic2en,False,contrastive,DoDS-IITPKD,DoDS-IITPKD_contrastive,BLEU,5.524693583
,Khasi to English,kha_Latn,eng_Latn,indic2en,False,contrastive,DoDS-IITPKD,DoDS-IITPKD_contrastive,METEOR,0.2891755553
,Khasi to English,kha_Latn,eng_Latn,indic2en,False,contrastive,DoDS-IITPKD,DoDS-IITPKD_contrastive,ROUGE-L,0.3494666968
,Khasi to English,kha_Latn,eng_Latn,indic2en,False,contrastive,DoDS-IITPKD,DoDS-IITPKD_contrastive,chrF,34.84979453
,Khasi to English,kha_Latn,eng_Latn,indic2en,False,contrastive,DoDS-IITPKD,DoDS-IITPKD_contrastive,TER,113.3046627
,Khasi to English,kha_Latn,eng_Latn,indic2en,False,contrastive,DoDS-IITPKD,DoDS-IITPKD_contrastive,Cos Similarity,0.6443358566
,Khasi to English,kha_Latn,eng_Latn,indic2en,False,contrastive,ANVITA,ANVITA_contrastive2,BLEU,4.393574949
,Khasi to English,kha_Latn,eng_Latn,indic2en,False,contrastive,ANVITA,ANVITA_contrastive2,METEOR,0.2197250331
,Khasi to English,kha_Latn,eng_Latn,indic2en,False,contrastive,ANVITA,ANVITA_contrastive2,ROUGE-L,0.2842670893
,Khasi to English,kha_Latn,eng_Latn,indic2en,False,contrastive,ANVITA,ANVITA_contrastive2,chrF,30.65360834
,Khasi to English,kha_Latn,eng_Latn,indic2en,False,contrastive,ANVITA,ANVITA_contrastive2,TER,123.252002
,Khasi to English,kha_Latn,eng_Latn,indic2en,False,contrastive,ANVITA,ANVITA_contrastive2,Cos Similarity,0.5508073516
,Khasi to English,kha_Latn,eng_Latn,indic2en,False,primary,DoDS-IITPKD,DoDS-IITPKD_primary,BLEU,4.311196928
,Khasi to English,kha_Latn,eng_Latn,indic2en,False,primary,DoDS-IITPKD,DoDS-IITPKD_primary,METEOR,0.239282584
,Khasi to English,kha_Latn,eng_Latn,indic2en,False,primary,DoDS-IITPKD,DoDS-IITPKD_primary,ROUGE-L,0.292866184
,Khasi to English,kha_Latn,eng_Latn,indic2en,False,primary,DoDS-IITPKD,DoDS-IITPKD_primary,chrF,31.3332131
,Khasi to English,kha_Latn,eng_Latn,indic2en,False,primary,DoDS-IITPKD,DoDS-IITPKD_primary,TER,131.8609306
,Khasi to English,kha_Latn,eng_Latn,indic2en,False,primary,DoDS-IITPKD,DoDS-IITPKD_primary,Cos Similarity,0.5788669481
,Khasi to English,kha_Latn,eng_Latn,indic2en,False,primary,ANVITA,ANVITA_primary,BLEU,1.988422256
,Khasi to English,kha_Latn,eng_Latn,indic2en,False,primary,ANVITA,ANVITA_primary,METEOR,0.1063675428
,Khasi to English,kha_Latn,eng_Latn,indic2en,False,primary,ANVITA,ANVITA_primary,ROUGE-L,0.1372341052
,Khasi to English,kha_Latn,eng_Latn,indic2en,False,primary,ANVITA,ANVITA_primary,chrF,20.88376438
,Khasi to English,kha_Latn,eng_Latn,indic2en,False,primary,ANVITA,ANVITA_primary,TER,223.2597363
,Khasi to English,kha_Latn,eng_Latn,indic2en,False,primary,ANVITA,ANVITA_primary,Cos Similarity,0.2965572677
,Khasi to English,kha_Latn,eng_Latn,indic2en,False,contrastive,A3-108,A3-108_contrastive2,BLEU,1.093476177
,Khasi to English,kha_Latn,eng_Latn,indic2en,False,contrastive,A3-108,A3-108_contrastive2,METEOR,0.0807984924
,Khasi to English,kha_Latn,eng_Latn,indic2en,False,contrastive,A3-108,A3-108_contrastive2,ROUGE-L,0.1137693346
,Khasi to English,kha_Latn,eng_Latn,indic2en,False,contrastive,A3-108,A3-108_contrastive2,chrF,19.26043746
,Khasi to English,kha_Latn,eng_Latn,indic2en,False,contrastive,A3-108,A3-108_contrastive2,TER,171.4253725
,Khasi to English,kha_Latn,eng_Latn,indic2en,False,contrastive,A3-108,A3-108_contrastive2,Cos Similarity,0.2427917879
,Khasi to English,kha_Latn,eng_Latn,indic2en,False,contrastive,A3-108,A3-108_contrastive1,BLEU,1.060377394
,Khasi to English,kha_Latn,eng_Latn,indic2en,False,contrastive,A3-108,A3-108_contrastive1,METEOR,0.08015290736
,Khasi to English,kha_Latn,eng_Latn,indic2en,False,contrastive,A3-108,A3-108_contrastive1,ROUGE-L,0.1110551658
,Khasi to English,kha_Latn,eng_Latn,indic2en,False,contrastive,A3-108,A3-108_contrastive1,chrF,19.46352266
,Khasi to English,kha_Latn,eng_Latn,indic2en,False,contrastive,A3-108,A3-108_contrastive1,TER,176.1309117
,Khasi to English,kha_Latn,eng_Latn,indic2en,False,contrastive,A3-108,A3-108_contrastive1,Cos Similarity,0.2456234212
,Khasi to English,kha_Latn,eng_Latn,indic2en,False,primary,A3-108,A3-108_primary,BLEU,1.053572565
,Khasi to English,kha_Latn,eng_Latn,indic2en,False,primary,A3-108,A3-108_primary,METEOR,0.07926524807
,Khasi to English,kha_Latn,eng_Latn,indic2en,False,primary,A3-108,A3-108_primary,ROUGE-L,0.1112231511
,Khasi to English,kha_Latn,eng_Latn,indic2en,False,primary,A3-108,A3-108_primary,chrF,19.46780766
,Khasi to English,kha_Latn,eng_Latn,indic2en,False,primary,A3-108,A3-108_primary,TER,177.4341019
,Khasi to English,kha_Latn,eng_Latn,indic2en,False,primary,A3-108,A3-108_primary,Cos Similarity,0.2460399691
,Khasi to English,kha_Latn,eng_Latn,indic2en,False,constrained,A3-108,A3-108_constraint,BLEU,1.046141278
,Khasi to English,kha_Latn,eng_Latn,indic2en,False,constrained,A3-108,A3-108_constraint,METEOR,0.08063848487
,Khasi to English,kha_Latn,eng_Latn,indic2en,False,constrained,A3-108,A3-108_constraint,ROUGE-L,0.1114490091
,Khasi to English,kha_Latn,eng_Latn,indic2en,False,constrained,A3-108,A3-108_constraint,chrF,19.57196708
,Khasi to English,kha_Latn,eng_Latn,indic2en,False,constrained,A3-108,A3-108_constraint,TER,179.1631461
,Khasi to English,kha_Latn,eng_Latn,indic2en,False,constrained,A3-108,A3-108_constraint,Cos Similarity,0.2474229015
,Khasi to English,kha_Latn,eng_Latn,indic2en,False,contrastive,SRIB-NMT,SRIB-NMT_contrastive,BLEU,0.335151073
,Khasi to English,kha_Latn,eng_Latn,indic2en,False,contrastive,SRIB-NMT,SRIB-NMT_contrastive,METEOR,0.0262005454
,Khasi to English,kha_Latn,eng_Latn,indic2en,False,contrastive,SRIB-NMT,SRIB-NMT_contrastive,ROUGE-L,0.03420216674
,Khasi to English,kha_Latn,eng_Latn,indic2en,False,contrastive,SRIB-NMT,SRIB-NMT_contrastive,chrF,12.64484859
,Khasi to English,kha_Latn,eng_Latn,indic2en,False,contrastive,SRIB-NMT,SRIB-NMT_contrastive,TER,261.4916583
,Khasi to English,kha_Latn,eng_Latn,indic2en,False,contrastive,SRIB-NMT,SRIB-NMT_contrastive,Cos Similarity,0.06854172362
,English to Mizo,eng_Latn,lus_Latn,en2indic,False,contrastive,TranssionMT,TranssionMT_contrastive2,BLEU,37.81427561
,English to Mizo,eng_Latn,lus_Latn,en2indic,False,contrastive,TranssionMT,TranssionMT_contrastive2,METEOR,0.6597881025
,English to Mizo,eng_Latn,lus_Latn,en2indic,False,contrastive,TranssionMT,TranssionMT_contrastive2,ROUGE-L,0.7035484952
,English to Mizo,eng_Latn,lus_Latn,en2indic,False,contrastive,TranssionMT,TranssionMT_contrastive2,chrF,69.93004557
,English to Mizo,eng_Latn,lus_Latn,en2indic,False,contrastive,TranssionMT,TranssionMT_contrastive2,TER,41.80272999
,English to Mizo,eng_Latn,lus_Latn,en2indic,False,primary,JU-NLP,JU-NLP_primary,BLEU,15.82807014
,English to Mizo,eng_Latn,lus_Latn,en2indic,False,primary,JU-NLP,JU-NLP_primary,METEOR,0.4193403612
,English to Mizo,eng_Latn,lus_Latn,en2indic,False,primary,JU-NLP,JU-NLP_primary,ROUGE-L,0.5480449772
,English to Mizo,eng_Latn,lus_Latn,en2indic,False,primary,JU-NLP,JU-NLP_primary,chrF,51.99987167
,English to Mizo,eng_Latn,lus_Latn,en2indic,False,primary,JU-NLP,JU-NLP_primary,TER,69.0074039
,English to Mizo,eng_Latn,lus_Latn,en2indic,False,contrastive,DoDS-IITPKD,DoDS-IITPKD_contrastive,BLEU,14.72131003
,English to Mizo,eng_Latn,lus_Latn,en2indic,False,contrastive,DoDS-IITPKD,DoDS-IITPKD_contrastive,METEOR,0.4073647241
,English to Mizo,eng_Latn,lus_Latn,en2indic,False,contrastive,DoDS-IITPKD,DoDS-IITPKD_contrastive,ROUGE-L,0.5061681862
,English to Mizo,eng_Latn,lus_Latn,en2indic,False,contrastive,DoDS-IITPKD,DoDS-IITPKD_contrastive,chrF,48.54899865
,English to Mizo,eng_Latn,lus_Latn,en2indic,False,contrastive,DoDS-IITPKD,DoDS-IITPKD_contrastive,TER,69.48960815
,English to Mizo,eng_Latn,lus_Latn,en2indic,False,primary,DoDS-IITPKD,DoDS-IITPKD_primary,BLEU,14.25614798
,English to Mizo,eng_Latn,lus_Latn,en2indic,False,primary,DoDS-IITPKD,DoDS-IITPKD_primary,METEOR,0.4147815416
,English to Mizo,eng_Latn,lus_Latn,en2indic,False,primary,DoDS-IITPKD,DoDS-IITPKD_primary,ROUGE-L,0.5154683586
,English to Mizo,eng_Latn,lus_Latn,en2indic,False,primary,DoDS-IITPKD,DoDS-IITPKD_primary,chrF,48.51168291
,English to Mizo,eng_Latn,lus_Latn,en2indic,False,primary,DoDS-IITPKD,DoDS-IITPKD_primary,TER,72.21855895
,English to Mizo,eng_Latn,lus_Latn,en2indic,False,contrastive,SRIB-NMT,SRIB-NMT_contrastive,BLEU,12.45218839
,English to Mizo,eng_Latn,lus_Latn,en2indic,False,contrastive,SRIB-NMT,SRIB-NMT_contrastive,METEOR,0.3678127093
,English to Mizo,eng_Latn,lus_Latn,en2indic,False,contrastive,SRIB-NMT,SRIB-NMT_contrastive,ROUGE-L,0.509173632
,English to Mizo,eng_Latn,lus_Latn,en2indic,False,contrastive,SRIB-NMT,SRIB-NMT_contrastive,chrF,47.53181497
,English to Mizo,eng_Latn,lus_Latn,en2indic,False,contrastive,SRIB-NMT,SRIB-NMT_contrastive,TER,78.69034292
,English to Mizo,eng_Latn,lus_Latn,en2indic,False,contrastive,RBG-AI,RBG-AI_contrastive,BLEU,12.43661269
,English to Mizo,eng_Latn,lus_Latn,en2indic,False,contrastive,RBG-AI,RBG-AI_contrastive,METEOR,0.3586703451
,English to Mizo,eng_Latn,lus_Latn,en2indic,False,contrastive,RBG-AI,RBG-AI_contrastive,ROUGE-L,0.4762451692
,English to Mizo,eng_Latn,lus_Latn,en2indic,False,contrastive,RBG-AI,RBG-AI_contrastive,chrF,46.83397031
,English to Mizo,eng_Latn,lus_Latn,en2indic,False,contrastive,RBG-AI,RBG-AI_contrastive,TER,76.47227329
,English to Mizo,eng_Latn,lus_Latn,en2indic,False,contrastive,BilbaoMT,BilbaoMT_contrastive,BLEU,11.06436059
,English to Mizo,eng_Latn,lus_Latn,en2indic,False,contrastive,BilbaoMT,BilbaoMT_contrastive,METEOR,0.3246236159
,English to Mizo,eng_Latn,lus_Latn,en2indic,False,contrastive,BilbaoMT,BilbaoMT_contrastive,ROUGE-L,0.4531955115
,English to Mizo,eng_Latn,lus_Latn,en2indic,False,contrastive,BilbaoMT,BilbaoMT_contrastive,chrF,40.82822055
,English to Mizo,eng_Latn,lus_Latn,en2indic,False,contrastive,BilbaoMT,BilbaoMT_contrastive,TER,69.1963621
,English to Mizo,eng_Latn,lus_Latn,en2indic,False,primary,DoDS-IITPKD,DoDS-IITPKD_primary,BLEU,10.38313299
,English to Mizo,eng_Latn,lus_Latn,en2indic,False,primary,DoDS-IITPKD,DoDS-IITPKD_primary,METEOR,0.5370998183
,English to Mizo,eng_Latn,lus_Latn,en2indic,False,primary,DoDS-IITPKD,DoDS-IITPKD_primary,ROUGE-L,0.5757665644
,English to Mizo,eng_Latn,lus_Latn,en2indic,False,primary,DoDS-IITPKD,DoDS-IITPKD_primary,chrF,55.08873047
,English to Mizo,eng_Latn,lus_Latn,en2indic,False,primary,DoDS-IITPKD,DoDS-IITPKD_primary,TER,86.84104565
,Mizo to English,lus_Latn,eng_Latn,indic2en,False,contrastive,TranssionMT,TranssionMT_contrastive2,BLEU,18.45437776
,Mizo to English,lus_Latn,eng_Latn,indic2en,False,contrastive,TranssionMT,TranssionMT_contrastive2,METEOR,0.6686623265
,Mizo to English,lus_Latn,eng_Latn,indic2en,False,contrastive,TranssionMT,TranssionMT_contrastive2,ROUGE-L,0.6839634063
,Mizo to English,lus_Latn,eng_Latn,indic2en,False,contrastive,TranssionMT,TranssionMT_contrastive2,chrF,63.13297776
,Mizo to English,lus_Latn,eng_Latn,indic2en,False,contrastive,TranssionMT,TranssionMT_contrastive2,TER,61.59562599
,Mizo to English,lus_Latn,eng_Latn,indic2en,False,contrastive,TranssionMT,TranssionMT_contrastive2,Cos Similarity,0.9153151261
,Mizo to English,lus_Latn,eng_Latn,indic2en,False,primary,JU-NLP,JU-NLP_primary,BLEU,12.29752332
,Mizo to English,lus_Latn,eng_Latn,indic2en,False,primary,JU-NLP,JU-NLP_primary,METEOR,0.5778538243
,Mizo to English,lus_Latn,eng_Latn,indic2en,False,primary,JU-NLP,JU-NLP_primary,ROUGE-L,0.6198827556
,Mizo to English,lus_Latn,eng_Latn,indic2en,False,primary,JU-NLP,JU-NLP_primary,chrF,58.13816101
,Mizo to English,lus_Latn,eng_Latn,indic2en,False,primary,JU-NLP,JU-NLP_primary,TER,78.81025092
,Mizo to English,lus_Latn,eng_Latn,indic2en,False,primary,JU-NLP,JU-NLP_primary,Cos Similarity,0.8888537942
,Mizo to English,lus_Latn,eng_Latn,indic2en,False,contrastive,RBG-AI,RBG-AI_contrastive,BLEU,11.91846675
,Mizo to English,lus_Latn,eng_Latn,indic2en,False,contrastive,RBG-AI,RBG-AI_contrastive,METEOR,0.5573688534
,Mizo to English,lus_Latn,eng_Latn,indic2en,False,contrastive,RBG-AI,RBG-AI_contrastive,ROUGE-L,0.5876063057
,Mizo to English,lus_Latn,eng_Latn,indic2en,False,contrastive,RBG-AI,RBG-AI_contrastive,chrF,55.76474655
,Mizo to English,lus_Latn,eng_Latn,indic2en,False,contrastive,RBG-AI,RBG-AI_contrastive,TER,79.95552101
,Mizo to English,lus_Latn,eng_Latn,indic2en,False,contrastive,RBG-AI,RBG-AI_contrastive,Cos Similarity,0.8705796971
,Mizo to English,lus_Latn,eng_Latn,indic2en,False,contrastive,DoDS-IITPKD,DoDS-IITPKD_contrastive,BLEU,11.81278264
,Mizo to English,lus_Latn,eng_Latn,indic2en,False,contrastive,DoDS-IITPKD,DoDS-IITPKD_contrastive,METEOR,0.5435136779
,Mizo to English,lus_Latn,eng_Latn,indic2en,False,contrastive,DoDS-IITPKD,DoDS-IITPKD_contrastive,ROUGE-L,0.5808951531
,Mizo to English,lus_Latn,eng_Latn,indic2en,False,contrastive,DoDS-IITPKD,DoDS-IITPKD_contrastive,chrF,55.1726677
,Mizo to English,lus_Latn,eng_Latn,indic2en,False,contrastive,DoDS-IITPKD,DoDS-IITPKD_contrastive,TER,74.39143682
,Mizo to English,lus_Latn,eng_Latn,indic2en,False,contrastive,DoDS-IITPKD,DoDS-IITPKD_contrastive,Cos Similarity,0.8648782729
,Mizo to English,lus_Latn,eng_Latn,indic2en,False,primary,DoDS-IITPKD,DoDS-IITPKD_primary,BLEU,10.38313299
,Mizo to English,lus_Latn,eng_Latn,indic2en,False,primary,DoDS-IITPKD,DoDS-IITPKD_primary,METEOR,0.5370998183
,Mizo to English,lus_Latn,eng_Latn,indic2en,False,primary,DoDS-IITPKD,DoDS-IITPKD_primary,ROUGE-L,0.5757665644
,Mizo to English,lus_Latn,eng_Latn,indic2en,False,primary,DoDS-IITPKD,DoDS-IITPKD_primary,chrF,55.08873047
,Mizo to English,lus_Latn,eng_Latn,indic2en,False,primary,DoDS-IITPKD,DoDS-IITPKD_primary,TER,86.84104565
,Mizo to English,lus_Latn,eng_Latn,indic2en,False,primary,DoDS-IITPKD,DoDS-IITPKD_primary,Cos Similarity,0.8735107363
,Mizo to English,lus_Latn,eng_Latn,indic2en,False,contrastive,SRIB-NMT,SRIB-NMT_contrastive,BLEU,0.006726038216
,Mizo to English,lus_Latn,eng_Latn,indic2en,False,contrastive,SRIB-NMT,SRIB-NMT_contrastive,METEOR,0.0005363609599
,Mizo to English,lus_Latn,eng_Latn,indic2en,False,contrastive,SRIB-NMT,SRIB-NMT_contrastive,ROUGE-L,0.002137528567
,Mizo to English,lus_Latn,eng_Latn,indic2en,False,contrastive,SRIB-NMT,SRIB-NMT_contrastive,chrF,6.123013417
,Mizo to English,lus_Latn,eng_Latn,indic2en,False,contrastive,SRIB-NMT,SRIB-NMT_contrastive,TER,160.062555
,Mizo to English,lus_Latn,eng_Latn,indic2en,False,contrastive,SRIB-NMT,SRIB-NMT_contrastive,Cos Similarity,0.06491689833
,Nyishi to English,njz_Latn,eng_Latn,indic2en,False,primary,ANVITA,ANVITA_primary,BLEU,11.58838041
,Nyishi to English,njz_Latn,eng_Latn,indic2en,False,primary,ANVITA,ANVITA_primary,METEOR,0.4139013674
,Nyishi to English,njz_Latn,eng_Latn,indic2en,False,primary,ANVITA,ANVITA_primary,ROUGE-L,0.511060092
,Nyishi to English,njz_Latn,eng_Latn,indic2en,False,primary,ANVITA,ANVITA_primary,chrF,49.84634873
,Nyishi to English,njz_Latn,eng_Latn,indic2en,False,primary,ANVITA,ANVITA_primary,TER,74.08678474
,Nyishi to English,njz_Latn,eng_Latn,indic2en,False,primary,ANVITA,ANVITA_primary,Cos Similarity,0.7864893778
,Nyishi to English,njz_Latn,eng_Latn,indic2en,False,contrastive,ANVITA,ANVITA_contrastive2,BLEU,11.25410083
,Nyishi to English,njz_Latn,eng_Latn,indic2en,False,contrastive,ANVITA,ANVITA_contrastive2,METEOR,0.4035840794
,Nyishi to English,njz_Latn,eng_Latn,indic2en,False,contrastive,ANVITA,ANVITA_contrastive2,ROUGE-L,0.5133379494
,Nyishi to English,njz_Latn,eng_Latn,indic2en,False,contrastive,ANVITA,ANVITA_contrastive2,chrF,49.36244531
,Nyishi to English,njz_Latn,eng_Latn,indic2en,False,contrastive,ANVITA,ANVITA_contrastive2,TER,73.78910769
,Nyishi to English,njz_Latn,eng_Latn,indic2en,False,contrastive,ANVITA,ANVITA_contrastive2,Cos Similarity,0.7834296088
,Nyishi to English,njz_Latn,eng_Latn,indic2en,False,contrastive,ANVITA,ANVITA_contrastive,BLEU,11.13414611
,Nyishi to English,njz_Latn,eng_Latn,indic2en,False,contrastive,ANVITA,ANVITA_contrastive,METEOR,0.4164709259
,Nyishi to English,njz_Latn,eng_Latn,indic2en,False,contrastive,ANVITA,ANVITA_contrastive,ROUGE-L,0.5056833559
,Nyishi to English,njz_Latn,eng_Latn,indic2en,False,contrastive,ANVITA,ANVITA_contrastive,chrF,48.91834061
,Nyishi to English,njz_Latn,eng_Latn,indic2en,False,contrastive,ANVITA,ANVITA_contrastive,TER,74.16527059
,Nyishi to English,njz_Latn,eng_Latn,indic2en,False,contrastive,ANVITA,ANVITA_contrastive,Cos Similarity,0.7978091533
,Nyishi to English,njz_Latn,eng_Latn,indic2en,False,contrastive,RBG-AI,RBG-AI_contrastive,BLEU,9.616205897
,Nyishi to English,njz_Latn,eng_Latn,indic2en,False,contrastive,RBG-AI,RBG-AI_contrastive,METEOR,0.368873496
,Nyishi to English,njz_Latn,eng_Latn,indic2en,False,contrastive,RBG-AI,RBG-AI_contrastive,ROUGE-L,0.387423823
,Nyishi to English,njz_Latn,eng_Latn,indic2en,False,contrastive,RBG-AI,RBG-AI_contrastive,chrF,49.42518172
,Nyishi to English,njz_Latn,eng_Latn,indic2en,False,contrastive,RBG-AI,RBG-AI_contrastive,TER,93.23034478
,Nyishi to English,njz_Latn,eng_Latn,indic2en,False,contrastive,RBG-AI,RBG-AI_contrastive,Cos Similarity,0.624162171
,Nyishi to English,njz_Latn,eng_Latn,indic2en,False,primary,NLPTng-NITAP,NLPTng-NITAP_primary,BLEU,5.418704633
,Nyishi to English,njz_Latn,eng_Latn,indic2en,False,primary,NLPTng-NITAP,NLPTng-NITAP_primary,METEOR,0.3073814662
,Nyishi to English,njz_Latn,eng_Latn,indic2en,False,primary,NLPTng-NITAP,NLPTng-NITAP_primary,ROUGE-L,0.3712535553
,Nyishi to English,njz_Latn,eng_Latn,indic2en,False,primary,NLPTng-NITAP,NLPTng-NITAP_primary,chrF,41.36738499
,Nyishi to English,njz_Latn,eng_Latn,indic2en,False,primary,NLPTng-NITAP,NLPTng-NITAP_primary,TER,105.6120009
,Nyishi to English,njz_Latn,eng_Latn,indic2en,False,primary,NLPTng-NITAP,NLPTng-NITAP_primary,Cos Similarity,0.6869042956
,Nyishi to English,njz_Latn,eng_Latn,indic2en,False,primary,A3-108,A3-108_primary,BLEU,1.265720997
,Nyishi to English,njz_Latn,eng_Latn,indic2en,False,primary,A3-108,A3-108_primary,METEOR,0.08570497709
,Nyishi to English,njz_Latn,eng_Latn,indic2en,False,primary,A3-108,A3-108_primary,ROUGE-L,0.1209426549
,Nyishi to English,njz_Latn,eng_Latn,indic2en,False,primary,A3-108,A3-108_primary,chrF,23.43757552
,Nyishi to English,njz_Latn,eng_Latn,indic2en,False,primary,A3-108,A3-108_primary,TER,138.2275251
,Nyishi to English,njz_Latn,eng_Latn,indic2en,False,primary,A3-108,A3-108_primary,Cos Similarity,0.2111136451
,Nyishi to English,njz_Latn,eng_Latn,indic2en,False,contrastive,A3-108,A3-108_contrastive2,BLEU,1.255728388
,Nyishi to English,njz_Latn,eng_Latn,indic2en,False,contrastive,A3-108,A3-108_contrastive2,METEOR,0.08275908786
,Nyishi to English,njz_Latn,eng_Latn,indic2en,False,contrastive,A3-108,A3-108_contrastive2,ROUGE-L,0.1191461587
,Nyishi to English,njz_Latn,eng_Latn,indic2en,False,contrastive,A3-108,A3-108_contrastive2,chrF,23.2949346
,Nyishi to English,njz_Latn,eng_Latn,indic2en,False,contrastive,A3-108,A3-108_contrastive2,TER,139.4495306
,Nyishi to English,njz_Latn,eng_Latn,indic2en,False,contrastive,A3-108,A3-108_contrastive2,Cos Similarity,0.2032864578
,Nyishi to English,njz_Latn,eng_Latn,indic2en,False,contrastive,A3-108,A3-108_contrastive1,BLEU,1.194216712
,Nyishi to English,njz_Latn,eng_Latn,indic2en,False,contrastive,A3-108,A3-108_contrastive1,METEOR,0.08082052444
,Nyishi to English,njz_Latn,eng_Latn,indic2en,False,contrastive,A3-108,A3-108_contrastive1,ROUGE-L,0.1158055226
,Nyishi to English,njz_Latn,eng_Latn,indic2en,False,contrastive,A3-108,A3-108_contrastive1,chrF,22.97578821
,Nyishi to English,njz_Latn,eng_Latn,indic2en,False,contrastive,A3-108,A3-108_contrastive1,TER,145.2651865
,Nyishi to English,njz_Latn,eng_Latn,indic2en,False,contrastive,A3-108,A3-108_contrastive1,Cos Similarity,0.2051905831
,Nyishi to English,njz_Latn,eng_Latn,indic2en,False,constrained,A3-108,A3-108_constraint,BLEU,1.188538122
,Nyishi to English,njz_Latn,eng_Latn,indic2en,False,constrained,A3-108,A3-108_constraint,METEOR,0.08110624897
,Nyishi to English,njz_Latn,eng_Latn,indic2en,False,constrained,A3-108,A3-108_constraint,ROUGE-L,0.1127428773
,Nyishi to English,njz_Latn,eng_Latn,indic2en,False,constrained,A3-108,A3-108_constraint,chrF,23.35450121
,Nyishi to English,njz_Latn,eng_Latn,indic2en,False,constrained,A3-108,A3-108_constraint,TER,147.9239119
,Nyishi to English,njz_Latn,eng_Latn,indic2en,False,constrained,A3-108,A3-108_constraint,Cos Similarity,0.2006403892
,English to Nyishi,eng_Latn,njz_Latn,en2indic,False,primary,ANVITA,ANVITA_primary,BLEU,6.212513249
,English to Nyishi,eng_Latn,njz_Latn,en2indic,False,primary,ANVITA,ANVITA_primary,METEOR,0.2096987312
,English to Nyishi,eng_Latn,njz_Latn,en2indic,False,primary,ANVITA,ANVITA_primary,ROUGE-L,0.2827443035
,English to Nyishi,eng_Latn,njz_Latn,en2indic,False,primary,ANVITA,ANVITA_primary,chrF,34.01303427
,English to Nyishi,eng_Latn,njz_Latn,en2indic,False,primary,ANVITA,ANVITA_primary,TER,81.53039405
,English to Nyishi,eng_Latn,njz_Latn,en2indic,False,contrastive,ANVITA,ANVITA_contrastive,BLEU,5.91939203
,English to Nyishi,eng_Latn,njz_Latn,en2indic,False,contrastive,ANVITA,ANVITA_contrastive,METEOR,0.2032408978
,English to Nyishi,eng_Latn,njz_Latn,en2indic,False,contrastive,ANVITA,ANVITA_contrastive,ROUGE-L,0.2738966068
,English to Nyishi,eng_Latn,njz_Latn,en2indic,False,contrastive,ANVITA,ANVITA_contrastive,chrF,34.0771925
,English to Nyishi,eng_Latn,njz_Latn,en2indic,False,contrastive,ANVITA,ANVITA_contrastive,TER,82.82973314
,English to Nyishi,eng_Latn,njz_Latn,en2indic,False,contrastive,BilbaoMT,BilbaoMT_contrastive,BLEU,3.915801764
,English to Nyishi,eng_Latn,njz_Latn,en2indic,False,contrastive,BilbaoMT,BilbaoMT_contrastive,METEOR,0.1321158218
,English to Nyishi,eng_Latn,njz_Latn,en2indic,False,contrastive,BilbaoMT,BilbaoMT_contrastive,ROUGE-L,0.1904924228
,English to Nyishi,eng_Latn,njz_Latn,en2indic,False,contrastive,BilbaoMT,BilbaoMT_contrastive,chrF,29.37778621
,English to Nyishi,eng_Latn,njz_Latn,en2indic,False,contrastive,BilbaoMT,BilbaoMT_contrastive,TER,87.7716448
,English to Nyishi,eng_Latn,njz_Latn,en2indic,False,primary,NLPTng-NITAP,NLPTng-NITAP_primary,BLEU,3.400061168
,English to Nyishi,eng_Latn,njz_Latn,en2indic,False,primary,NLPTng-NITAP,NLPTng-NITAP_primary,METEOR,0.1053966301
,English to Nyishi,eng_Latn,njz_Latn,en2indic,False,primary,NLPTng-NITAP,NLPTng-NITAP_primary,ROUGE-L,0.1798712756
,English to Nyishi,eng_Latn,njz_Latn,en2indic,False,primary,NLPTng-NITAP,NLPTng-NITAP_primary,chrF,24.58056958
,English to Nyishi,eng_Latn,njz_Latn,en2indic,False,primary,NLPTng-NITAP,NLPTng-NITAP_primary,TER,92.87401632
,English to Nyishi,eng_Latn,njz_Latn,en2indic,False,contrastive,RBG-AI,RBG-AI_contrastive,BLEU,2.445767824
,English to Nyishi,eng_Latn,njz_Latn,en2indic,False,contrastive,RBG-AI,RBG-AI_contrastive,METEOR,0.079718201
,English to Nyishi,eng_Latn,njz_Latn,en2indic,False,contrastive,RBG-AI,RBG-AI_contrastive,ROUGE-L,0.16043787
,English to Nyishi,eng_Latn,njz_Latn,en2indic,False,contrastive,RBG-AI,RBG-AI_contrastive,chrF,12.57031137
,English to Nyishi,eng_Latn,njz_Latn,en2indic,False,contrastive,RBG-AI,RBG-AI_contrastive,TER,97.19494338
,English to Nyishi,eng_Latn,njz_Latn,en2indic,False,contrastive,A3-108,A3-108_contrastive2,BLEU,1.227988216
,English to Nyishi,eng_Latn,njz_Latn,en2indic,False,contrastive,A3-108,A3-108_contrastive2,METEOR,0.04933764599
,English to Nyishi,eng_Latn,njz_Latn,en2indic,False,contrastive,A3-108,A3-108_contrastive2,ROUGE-L,0.07818665013
,English to Nyishi,eng_Latn,njz_Latn,en2indic,False,contrastive,A3-108,A3-108_contrastive2,chrF,20.20936714
,English to Nyishi,eng_Latn,njz_Latn,en2indic,False,contrastive,A3-108,A3-108_contrastive2,TER,120.4597139
,English to Nyishi,eng_Latn,njz_Latn,en2indic,False,primary,A3-108,A3-108_primary,BLEU,1.187016456
,English to Nyishi,eng_Latn,njz_Latn,en2indic,False,primary,A3-108,A3-108_primary,METEOR,0.04917642828
,English to Nyishi,eng_Latn,njz_Latn,en2indic,False,primary,A3-108,A3-108_primary,ROUGE-L,0.07811103242
,English to Nyishi,eng_Latn,njz_Latn,en2indic,False,primary,A3-108,A3-108_primary,chrF,20.36797933
,English to Nyishi,eng_Latn,njz_Latn,en2indic,False,primary,A3-108,A3-108_primary,TER,123.9258447
,English to Nyishi,eng_Latn,njz_Latn,en2indic,False,contrastive,A3-108,A3-108_contrastive1,BLEU,1.184266622
,English to Nyishi,eng_Latn,njz_Latn,en2indic,False,contrastive,A3-108,A3-108_contrastive1,METEOR,0.04955029445
,English to Nyishi,eng_Latn,njz_Latn,en2indic,False,contrastive,A3-108,A3-108_contrastive1,ROUGE-L,0.07707694541
,English to Nyishi,eng_Latn,njz_Latn,en2indic,False,contrastive,A3-108,A3-108_contrastive1,chrF,20.43245218
,English to Nyishi,eng_Latn,njz_Latn,en2indic,False,contrastive,A3-108,A3-108_contrastive1,TER,124.4045703
,English to Nyishi,eng_Latn,njz_Latn,en2indic,False,constrained,A3-108,A3-108_constraint,BLEU,1.172981197
,English to Nyishi,eng_Latn,njz_Latn,en2indic,False,constrained,A3-108,A3-108_constraint,METEOR,0.05031881642
,English to Nyishi,eng_Latn,njz_Latn,en2indic,False,constrained,A3-108,A3-108_constraint,ROUGE-L,0.07695966979
,English to Nyishi,eng_Latn,njz_Latn,en2indic,False,constrained,A3-108,A3-108_constraint,chrF,20.65414309
,English to Nyishi,eng_Latn,njz_Latn,en2indic,False,constrained,A3-108,A3-108_constraint,TER,127.1326973
,English to Bodo,eng_Latn,brx_Deva,en2indic,False,contrastive,DoDS-IITPKD,DoDS-IITPKD_contrastive,BLEU,24.96674951
,English to Bodo,eng_Latn,brx_Deva,en2indic,False,contrastive,DoDS-IITPKD,DoDS-IITPKD_contrastive,METEOR,0.5189208904
,English to Bodo,eng_Latn,brx_Deva,en2indic,False,contrastive,DoDS-IITPKD,DoDS-IITPKD_contrastive,ROUGE-L,0.1687777778
,English to Bodo,eng_Latn,brx_Deva,en2indic,False,contrastive,DoDS-IITPKD,DoDS-IITPKD_contrastive,chrF,67.80550492
,English to Bodo,eng_Latn,brx_Deva,en2indic,False,contrastive,DoDS-IITPKD,DoDS-IITPKD_contrastive,TER,51.50265867
,English to Bodo,eng_Latn,brx_Deva,en2indic,False,primary,DoDS-IITPKD,DoDS-IITPKD_primary,BLEU,24.44868688
,English to Bodo,eng_Latn,brx_Deva,en2indic,False,primary,DoDS-IITPKD,DoDS-IITPKD_primary,METEOR,0.5126346512
,English to Bodo,eng_Latn,brx_Deva,en2indic,False,primary,DoDS-IITPKD,DoDS-IITPKD_primary,ROUGE-L,0.1684904762
,English to Bodo,eng_Latn,brx_Deva,en2indic,False,primary,DoDS-IITPKD,DoDS-IITPKD_primary,chrF,67.70727358
,English to Bodo,eng_Latn,brx_Deva,en2indic,False,primary,DoDS-IITPKD,DoDS-IITPKD_primary,TER,51.84296487
,English to Bodo,eng_Latn,brx_Deva,en2indic,False,primary,JU-NLP,JU-NLP_primary,BLEU,19.70835621
,English to Bodo,eng_Latn,brx_Deva,en2indic,False,primary,JU-NLP,JU-NLP_primary,METEOR,0.4549672075
,English to Bodo,eng_Latn,brx_Deva,en2indic,False,primary,JU-NLP,JU-NLP_primary,ROUGE-L,0.1694428571
,English to Bodo,eng_Latn,brx_Deva,en2indic,False,primary,JU-NLP,JU-NLP_primary,chrF,62.47233826
,English to Bodo,eng_Latn,brx_Deva,en2indic,False,primary,JU-NLP,JU-NLP_primary,TER,64.97096299
,English to Bodo,eng_Latn,brx_Deva,en2indic,False,contrastive,Transformers,Transformers_contrastive,BLEU,19.29659051
,English to Bodo,eng_Latn,brx_Deva,en2indic,False,contrastive,Transformers,Transformers_contrastive,METEOR,0.4524639224
,English to Bodo,eng_Latn,brx_Deva,en2indic,False,contrastive,Transformers,Transformers_contrastive,ROUGE-L,0.1677333333
,English to Bodo,eng_Latn,brx_Deva,en2indic,False,contrastive,Transformers,Transformers_contrastive,chrF,67.28590963
,English to Bodo,eng_Latn,brx_Deva,en2indic,False,contrastive,Transformers,Transformers_contrastive,TER,72.92298334
,English to Bodo,eng_Latn,brx_Deva,en2indic,False,contrastive,BilbaoMT,BilbaoMT_contrastive,BLEU,10.17727093
,English to Bodo,eng_Latn,brx_Deva,en2indic,False,contrastive,BilbaoMT,BilbaoMT_contrastive,METEOR,0.2830076363
,English to Bodo,eng_Latn,brx_Deva,en2indic,False,contrastive,BilbaoMT,BilbaoMT_contrastive,ROUGE-L,0.1604
,English to Bodo,eng_Latn,brx_Deva,en2indic,False,contrastive,BilbaoMT,BilbaoMT_contrastive,chrF,46.87069374
,English to Bodo,eng_Latn,brx_Deva,en2indic,False,contrastive,BilbaoMT,BilbaoMT_contrastive,TER,71.08561398
,English to Bodo,eng_Latn,brx_Deva,en2indic,False,primary,DPKM,DPKM_primary,BLEU,4.379583734
,English to Bodo,eng_Latn,brx_Deva,en2indic,False,primary,DPKM,DPKM_primary,METEOR,0.1317545552
,English to Bodo,eng_Latn,brx_Deva,en2indic,False,primary,DPKM,DPKM_primary,ROUGE-L,0.009
,English to Bodo,eng_Latn,brx_Deva,en2indic,False,primary,DPKM,DPKM_primary,chrF,35.49704213
,English to Bodo,eng_Latn,brx_Deva,en2indic,False,primary,DPKM,DPKM_primary,TER,92.5604256
,English to Bodo,eng_Latn,brx_Deva,en2indic,False,primary,BVSLP,BVSLP_primary,BLEU,1.350078456
,English to Bodo,eng_Latn,brx_Deva,en2indic,False,primary,BVSLP,BVSLP_primary,METEOR,0.04016354522
,English to Bodo,eng_Latn,brx_Deva,en2indic,False,primary,BVSLP,BVSLP_primary,ROUGE-L,0.1678
,English to Bodo,eng_Latn,brx_Deva,en2indic,False,primary,BVSLP,BVSLP_primary,chrF,17.05109642
,English to Bodo,eng_Latn,brx_Deva,en2indic,False,primary,BVSLP,BVSLP_primary,TER,106.111629
,English to Bodo,eng_Latn,brx_Deva,en2indic,False,primary,CITK_MT,CITK_MT_primary,BLEU,0.3106045292
,English to Bodo,eng_Latn,brx_Deva,en2indic,False,primary,CITK_MT,CITK_MT_primary,METEOR,0.01875594452
,English to Bodo,eng_Latn,brx_Deva,en2indic,False,primary,CITK_MT,CITK_MT_primary,ROUGE-L,0.002595238095
,English to Bodo,eng_Latn,brx_Deva,en2indic,False,primary,CITK_MT,CITK_MT_primary,chrF,7.235394682
,English to Bodo,eng_Latn,brx_Deva,en2indic,False,primary,CITK_MT,CITK_MT_primary,TER,808.9101286
,English to Bodo,eng_Latn,brx_Deva,en2indic,False,contrastive,RBG-AI,RBG-AI_contrastive,BLEU,0.2047914219
,English to Bodo,eng_Latn,brx_Deva,en2indic,False,contrastive,RBG-AI,RBG-AI_contrastive,METEOR,0.006037416908
,English to Bodo,eng_Latn,brx_Deva,en2indic,False,contrastive,RBG-AI,RBG-AI_contrastive,ROUGE-L,0.02716098904
,English to Bodo,eng_Latn,brx_Deva,en2indic,False,contrastive,RBG-AI,RBG-AI_contrastive,chrF,0.8138721309
,English to Bodo,eng_Latn,brx_Deva,en2indic,False,contrastive,RBG-AI,RBG-AI_contrastive,TER,131.9585726
,Bodo to English,brx_Deva,eng_Latn,indic2en,False,contrastive,DoDS-IITPKD,DoDS-IITPKD_contrastive,BLEU,22.11376078
,Bodo to English,brx_Deva,eng_Latn,indic2en,False,contrastive,DoDS-IITPKD,DoDS-IITPKD_contrastive,METEOR,0.6288705184
,Bodo to English,brx_Deva,eng_Latn,indic2en,False,contrastive,DoDS-IITPKD,DoDS-IITPKD_contrastive,ROUGE-L,0.6879799928
,Bodo to English,brx_Deva,eng_Latn,indic2en,False,contrastive,DoDS-IITPKD,DoDS-IITPKD_contrastive,chrF,63.54545465
,Bodo to English,brx_Deva,eng_Latn,indic2en,False,contrastive,DoDS-IITPKD,DoDS-IITPKD_contrastive,TER,52.83966371
,Bodo to English,brx_Deva,eng_Latn,indic2en,False,contrastive,DoDS-IITPKD,DoDS-IITPKD_contrastive,Cos Similarity,0.8965516521
,Bodo to English,brx_Deva,eng_Latn,indic2en,False,primary,DoDS-IITPKD,DoDS-IITPKD_primary,BLEU,21.67703219
,Bodo to English,brx_Deva,eng_Latn,indic2en,False,primary,DoDS-IITPKD,DoDS-IITPKD_primary,METEOR,0.6267634346
,Bodo to English,brx_Deva,eng_Latn,indic2en,False,primary,DoDS-IITPKD,DoDS-IITPKD_primary,ROUGE-L,0.67857156
,Bodo to English,brx_Deva,eng_Latn,indic2en,False,primary,DoDS-IITPKD,DoDS-IITPKD_primary,chrF,62.95424777
,Bodo to English,brx_Deva,eng_Latn,indic2en,False,primary,DoDS-IITPKD,DoDS-IITPKD_primary,TER,54.2924896
,Bodo to English,brx_Deva,eng_Latn,indic2en,False,primary,DoDS-IITPKD,DoDS-IITPKD_primary,Cos Similarity,0.8878043915
,Bodo to English,brx_Deva,eng_Latn,indic2en,False,contrastive,Transformers,Transformers_contrastive,BLEU,11.83018406
,Bodo to English,brx_Deva,eng_Latn,indic2en,False,contrastive,Transformers,Transformers_contrastive,METEOR,0.525691863
,Bodo to English,brx_Deva,eng_Latn,indic2en,False,contrastive,Transformers,Transformers_contrastive,ROUGE-L,0.5588547669
,Bodo to English,brx_Deva,eng_Latn,indic2en,False,contrastive,Transformers,Transformers_contrastive,chrF,54.37625248
,Bodo to English,brx_Deva,eng_Latn,indic2en,False,contrastive,Transformers,Transformers_contrastive,TER,85.73098027
,Bodo to English,brx_Deva,eng_Latn,indic2en,False,contrastive,Transformers,Transformers_contrastive,Cos Similarity,0.8312366455
,Bodo to English,brx_Deva,eng_Latn,indic2en,False,contrastive,RBG-AI,RBG-AI_contrastive,BLEU,1.400867744
,Bodo to English,brx_Deva,eng_Latn,indic2en,False,contrastive,RBG-AI,RBG-AI_contrastive,METEOR,0.07116974352
,Bodo to English,brx_Deva,eng_Latn,indic2en,False,contrastive,RBG-AI,RBG-AI_contrastive,ROUGE-L,0.1012978362
,Bodo to English,brx_Deva,eng_Latn,indic2en,False,contrastive,RBG-AI,RBG-AI_contrastive,chrF,19.4523415
,Bodo to English,brx_Deva,eng_Latn,indic2en,False,contrastive,RBG-AI,RBG-AI_contrastive,TER,206.0484259
,Bodo to English,brx_Deva,eng_Latn,indic2en,False,contrastive,RBG-AI,RBG-AI_contrastive,Cos Similarity,0.2305716092
,Kokborok to English,trp_Latn,eng_Latn,indic2en,False,contrastive,ANVITA,ANVITA_contrastive,BLEU,2.991742416
,Kokborok to English,trp_Latn,eng_Latn,indic2en,False,contrastive,ANVITA,ANVITA_contrastive,METEOR,0.1631133528
,Kokborok to English,trp_Latn,eng_Latn,indic2en,False,contrastive,ANVITA,ANVITA_contrastive,ROUGE-L,0.2179778937
,Kokborok to English,trp_Latn,eng_Latn,indic2en,False,contrastive,ANVITA,ANVITA_contrastive,chrF,25.52040769
,Kokborok to English,trp_Latn,eng_Latn,indic2en,False,contrastive,ANVITA,ANVITA_contrastive,TER,117.7262191
,Kokborok to English,trp_Latn,eng_Latn,indic2en,False,contrastive,ANVITA,ANVITA_contrastive,Cos Similarity,0.4869303746
,Kokborok to English,trp_Latn,eng_Latn,indic2en,False,primary,ANVITA,ANVITA_primary,BLEU,2.411122817
,Kokborok to English,trp_Latn,eng_Latn,indic2en,False,primary,ANVITA,ANVITA_primary,METEOR,0.1084683794
,Kokborok to English,trp_Latn,eng_Latn,indic2en,False,primary,ANVITA,ANVITA_primary,ROUGE-L,0.175126789
,Kokborok to English,trp_Latn,eng_Latn,indic2en,False,primary,ANVITA,ANVITA_primary,chrF,23.54732066
,Kokborok to English,trp_Latn,eng_Latn,indic2en,False,primary,ANVITA,ANVITA_primary,TER,129.1490652
,Kokborok to English,trp_Latn,eng_Latn,indic2en,False,primary,ANVITA,ANVITA_primary,Cos Similarity,0.358588198
,Kokborok to English,trp_Latn,eng_Latn,indic2en,False,contrastive,RBG-AI,RBG-AI_contrastive,BLEU,1.589137581
,Kokborok to English,trp_Latn,eng_Latn,indic2en,False,contrastive,RBG-AI,RBG-AI_contrastive,METEOR,0.08613711799
,Kokborok to English,trp_Latn,eng_Latn,indic2en,False,contrastive,RBG-AI,RBG-AI_contrastive,ROUGE-L,0.1245197037
,Kokborok to English,trp_Latn,eng_Latn,indic2en,False,contrastive,RBG-AI,RBG-AI_contrastive,chrF,20.00080829
,Kokborok to English,trp_Latn,eng_Latn,indic2en,False,contrastive,RBG-AI,RBG-AI_contrastive,TER,147.7497984
,Kokborok to English,trp_Latn,eng_Latn,indic2en,False,contrastive,RBG-AI,RBG-AI_contrastive,Cos Similarity,0.3016507861
,Kokborok to English,trp_Latn,eng_Latn,indic2en,False,contrastive,ANVITA,ANVITA_contrastive2,BLEU,0.7907318646
,Kokborok to English,trp_Latn,eng_Latn,indic2en,False,contrastive,ANVITA,ANVITA_contrastive2,METEOR,0.05144073655
,Kokborok to English,trp_Latn,eng_Latn,indic2en,False,contrastive,ANVITA,ANVITA_contrastive2,ROUGE-L,0.0809197078
,Kokborok to English,trp_Latn,eng_Latn,indic2en,False,contrastive,ANVITA,ANVITA_contrastive2,chrF,16.45777987
,Kokborok to English,trp_Latn,eng_Latn,indic2en,False,contrastive,ANVITA,ANVITA_contrastive2,TER,170.6118284
,Kokborok to English,trp_Latn,eng_Latn,indic2en,False,contrastive,ANVITA,ANVITA_contrastive2,Cos Similarity,0.2010930393
,English to Kokborok,eng_Latn,trp_Latn,en2indic,False,contrastive,ANVITA,ANVITA_contrastive,BLEU,6.996853556
,English to Kokborok,eng_Latn,trp_Latn,en2indic,False,contrastive,ANVITA,ANVITA_contrastive,METEOR,0.2998968204
,English to Kokborok,eng_Latn,trp_Latn,en2indic,False,contrastive,ANVITA,ANVITA_contrastive,ROUGE-L,0.3673882558
,English to Kokborok,eng_Latn,trp_Latn,en2indic,False,contrastive,ANVITA,ANVITA_contrastive,chrF,38.08037519
,English to Kokborok,eng_Latn,trp_Latn,en2indic,False,contrastive,ANVITA,ANVITA_contrastive,TER,76.26183059
,English to Kokborok,eng_Latn,trp_Latn,en2indic,False,contrastive,RBG-AI,RBG-AI_contrastive,BLEU,2.220036363
,English to Kokborok,eng_Latn,trp_Latn,en2indic,False,contrastive,RBG-AI,RBG-AI_contrastive,METEOR,0.133942088
,English to Kokborok,eng_Latn,trp_Latn,en2indic,False,contrastive,RBG-AI,RBG-AI_contrastive,ROUGE-L,0.2040363646
,English to Kokborok,eng_Latn,trp_Latn,en2indic,False,contrastive,RBG-AI,RBG-AI_contrastive,chrF,22.84663511
,English to Kokborok,eng_Latn,trp_Latn,en2indic,False,contrastive,RBG-AI,RBG-AI_contrastive,TER,103.5052179
,English to Kokborok,eng_Latn,trp_Latn,en2indic,False,primary,ANVITA,ANVITA_primary,BLEU,1.755655221
,English to Kokborok,eng_Latn,trp_Latn,en2indic,False,primary,ANVITA,ANVITA_primary,METEOR,0.1068218505
,English to Kokborok,eng_Latn,trp_Latn,en2indic,False,primary,ANVITA,ANVITA_primary,ROUGE-L,0.1683541919
,English to Kokborok,eng_Latn,trp_Latn,en2indic,False,primary,ANVITA,ANVITA_primary,chrF,18.57708299
,English to Kokborok,eng_Latn,trp_Latn,en2indic,False,primary,ANVITA,ANVITA_primary,TER,104.0384262
,English to Kokborok,eng_Latn,trp_Latn,en2indic,False,contrastive,BilbaoMT,BilbaoMT_contrastive,BLEU,1.416601262
,English to Kokborok,eng_Latn,trp_Latn,en2indic,False,contrastive,BilbaoMT,BilbaoMT_contrastive,METEOR,0.07622642704
,English to Kokborok,eng_Latn,trp_Latn,en2indic,False,contrastive,BilbaoMT,BilbaoMT_contrastive,ROUGE-L,0.134146673
,English to Kokborok,eng_Latn,trp_Latn,en2indic,False,contrastive,BilbaoMT,BilbaoMT_contrastive,chrF,20.07943583
,English to Kokborok,eng_Latn,trp_Latn,en2indic,False,contrastive,BilbaoMT,BilbaoMT_contrastive,TER,91.9260799
,English to Kokborok,eng_Latn,trp_Latn,en2indic,False,contrastive,ANVITA,ANVITA_contrastive2,BLEU,0.5530234631
,English to Kokborok,eng_Latn,trp_Latn,en2indic,False,contrastive,ANVITA,ANVITA_contrastive2,METEOR,0.04061932627
,English to Kokborok,eng_Latn,trp_Latn,en2indic,False,contrastive,ANVITA,ANVITA_contrastive2,ROUGE-L,0.0540326728
,English to Kokborok,eng_Latn,trp_Latn,en2indic,False,contrastive,ANVITA,ANVITA_contrastive2,chrF,13.38411796
,English to Kokborok,eng_Latn,trp_Latn,en2indic,False,contrastive,ANVITA,ANVITA_contrastive2,TER,335.5485051
,English to Kokborok,eng_Latn,trp_Latn,en2indic,False,primary,DPKM,DPKM_primary,BLEU,0.1792522413
,English to Kokborok,eng_Latn,trp_Latn,en2indic,False,primary,DPKM,DPKM_primary,METEOR,0.006282206315
,English to Kokborok,eng_Latn,trp_Latn,en2indic,False,primary,DPKM,DPKM_primary,ROUGE-L,0.0153140725
,English to Kokborok,eng_Latn,trp_Latn,en2indic,False,primary,DPKM,DPKM_primary,chrF,5.598378915
,English to Kokborok,eng_Latn,trp_Latn,en2indic,False,primary,DPKM,DPKM_primary,TER,105.4874944
